Column_1,Column_1_Link,Column_2,Column_2_Link,Column_3,Column_3_Link,Column_4,Column_4_Link,Column_5,Column_5_Link,Column_6,Column_6_Link,Column_7,Column_7_Link,Column_8,Column_8_Link,Column_9,Column_9_Link,Column_10,Column_10_Link,Column_11,Column_11_Link,Column_12,Column_12_Link,Column_13,Column_13_Link,Column_14,Column_14_Link,Column_15,Column_15_Link,Column_16,Column_16_Link,Column_17,Column_17_Link,Column_18,Column_18_Link,Column_19,Column_19_Link,Column_20,Column_20_Link,Column_21,Column_21_Link,Column_22,Column_22_Link,Column_23,Column_23_Link,Column_24,Column_24_Link,Column_25,Column_25_Link,Column_26,Column_26_Link
DSA by Shradha Didi & Aman Bhaiya,,,,,,,,,,,,,,,,,,,,,,,,,,,,,,,,,,,,,,,,,,,,,,,,,,,
Meet us on Youtube (Apna College),https://www.youtube.com/c/ApnaCollegeOfficial,,,,,,,,,,,,,,,,,,,,,,,,,,,,,,,,,,,,,,,,,,,,,,,,,,
,,,,,,How to solve this sheet?,https://www.youtube.com/watch?v=u6Xsayqxij0,,,,,,,,,,,,,,,,,,,,,,,,,,,,,,,,,,,,,,,,,,,,
,,,,,,,,,,,,,,,,,,,,,,,,,,,,,,,,,,,,,,,,,,,,,,,,,,,
Ideal Time : 5-10 mins,,,,,,,,,,,,,,,,,,,,,,,,,,,,,,,,,,,,,,,,,,,,,,,,,,,
Easy,,Ideal Time : 5-10 mins,,,,,,,,,,,,,,,,,,,,,,,,,,,,,,,,,,,,,,,,,,,,,,,,,
Medium,,Ideal Time : 15-20 mins,,5 Questions each Day,,,,,,,,,,,,,,,,,,,,,,,,,,,,,,,,,,,,,,,,,,,,,,,
Hard,,Ideal Time : 40-60 mins (based on Qs) | 88 Qs,,,,,,,,,,,,,,,,,,,,,,,,,,,,,,,,,,,,,,,,,,,,,,,,,
,,,,,,,,,,,,,,,,,,,,,,,,,,,,,,,,,,,,,,,,,,,,,,,,,,,
,,,,,,,,,,,,,,,,,,,,,,,,,,,,,,,,,,,,,,,,,,,,,,,,,,,
Topics,,Question (375),,link,,Companies,,Remarks,,,,,,,,,,,,,,,,,,,,,,,,,,,,,,,,,,,,,,,,,,,,,
Arrays,,Maximum and Minimum Element in an Array,https://www.geeksforgeeks.org/maximum-and-minimum-in-an-array/, ABCO Accolite Amazon Cisco Hike Microsoft Snapdeal VMWare Google Adobe,,,,,,,,,,,,,,,,,,,,,,,,,,,,,,,,,,,,,,,,,,,,,,,
Arrays,,Reverse the Array,https://www.geeksforgeeks.org/write-a-program-to-reverse-an-array-or-string/, Infosys Moonfrog Labs,,,,,,,,,,,,,,,,,,,,,,,,,,,,,,,,,,,,,,,,,,,,,,,
Arrays,,Maximum-Subarray,https://leetcode.com/problems/maximum-subarray/,Microsoft + Facebook Interview Qs,,use Kadane's Algorithm,,,,,,,,,,,,,,,,,,,,,,,,,,,,,,,,,,,,,,,,,,,,,
Arrays,,Contains Duplicate,https://leetcode.com/problems/contains-duplicate/,Amazon Interview Qs,,,,,,,,,,,,,,,,,,,,,,,,,,,,,,,,,,,,,,,,,,,,,,,
Arrays,,Chocolate Distribution Problem,https://www.geeksforgeeks.org/chocolate-distribution-problem/,Amazon Interview Qs,,,,,,,,,,,,,,,,,,,,,,,,,,,,,,,,,,,,,,,,,,,,,,,
Arrays,,Search in Rotated Sorted Array,https://leetcode.com/problems/search-in-rotated-sorted-array/, Microsoft Google Adobe Amazon D-E-Shaw Flipkart Hike Intuit MakeMyTrip Paytm ,,,,,,,,,,,,,,,,,,,,,,,,,,,,,,,,,,,,,,,,,,,,,,,
Arrays,,Next Permutation,https://leetcode.com/problems/next-permutation/,Uber + Goldman Sachs + Adobe Interview Qs,,,,,,,,,,,,,,,,,,,,,,,,,,,,,,,,,,,,,,,,,,,,,,,
Arrays,,Best time to Buy and Sell Stock,https://leetcode.com/problems/best-time-to-buy-and-sell-stock/,Amazon D-E-Shaw Directi Flipkart Goldman Sachs Intuit MakeMyTrip Microsoft Ola Cabs Oracle Paytm Pubmatic Quikr Salesforce Sapient Swiggy Walmart Media.net Google,,,,,,,,,,,,,,,,,,,,,,,,,,,,,,,,,,,,,,,,,,,,,,,
Arrays,,Repeat and Missing Number Array,https://www.interviewbit.com/problems/repeat-and-missing-number-array/,Amazon Interview Qs,,,,,,,,,,,,,,,,,,,,,,,,,,,,,,,,,,,,,,,,,,,,,,,
Arrays,,Kth-Largest Element in an Array,https://leetcode.com/problems/kth-largest-element-in-an-array/, Amazon Microsoft Walmart Adobe,,,,,,,,,,,,,,,,,,,,,,,,,,,,,,,,,,,,,,,,,,,,,,,
Arrays,,Trapping Rain Water,https://leetcode.com/problems/trapping-rain-water/,Samsung Interview Qs,,use auxiliary arrays,,,,,,,,,,,,,,,,,,,,,,,,,,,,,,,,,,,,,,,,,,,,,
Arrays,,Product of Array Except Self,https://leetcode.com/problems/product-of-array-except-self/,Microsoft + Facebook Interview Qs,,,,,,,,,,,,,,,,,,,,,,,,,,,,,,,,,,,,,,,,,,,,,,,
Arrays,,Maximum Product Subarray,https://leetcode.com/problems/maximum-product-subarray/,Amazon D-E-Shaw Microsoft Morgan Stanley OYO Rooms Google,,,,,,,,,,,,,,,,,,,,,,,,,,,,,,,,,,,,,,,,,,,,,,,
Arrays,,Find Minimum in Rotated Sorted Array,https://leetcode.com/problems/find-minimum-in-rotated-sorted-array/, Adobe Amazon Microsoft Morgan Stanley Samsung Snapdeal Times Internet,,,,,,,,,,,,,,,,,,,,,,,,,,,,,,,,,,,,,,,,,,,,,,,
Arrays,,Find Pair with Sum in Sorted & Rotated Array,https://www.geeksforgeeks.org/given-a-sorted-and-rotated-array-find-if-there-is-a-pair-with-a-given-sum/?ref=lbp,Microsoft + Google + Apple Interview Qs,,,,,,,,,,,,,,,,,,,,,,,,,,,,,,,,,,,,,,,,,,,,,,,
Arrays,,3Sum,https://leetcode.com/problems/3sum/, Adobe Amazon Microsoft Morgan Stanley Samsung Snapdeal Times Internet,,,,,,,,,,,,,,,,,,,,,,,,,,,,,,,,,,,,,,,,,,,,,,,
Arrays,,Container With Most Water,https://leetcode.com/problems/container-with-most-water/,Flipkart + Dunzo Interview Qs,,use 2 pointer approach,,,,,,,,,,,,,,,,,,,,,,,,,,,,,,,,,,,,,,,,,,,,,
Arrays,,Given Sum Pair,https://www.geeksforgeeks.org/given-a-sorted-and-rotated-array-find-if-there-is-a-pair-with-a-given-sum/,Infosys + Amazon + Flipkart Interview Qs,,,,,,,,,,,,,,,,,,,,,,,,,,,,,,,,,,,,,,,,,,,,,,,
Arrays,,Kth - Smallest Element,https://practice.geeksforgeeks.org/problems/kth-smallest-element5635/1, ABCO Accolite Amazon Cisco Hike Microsoft Snapdeal VMWare Google Adobe,,,,,,,,,,,,,,,,,,,,,,,,,,,,,,,,,,,,,,,,,,,,,,,
Arrays,,Merge Overlapping Intervals,https://www.geeksforgeeks.org/merging-intervals/,Google Interview Qs,,,,,,,,,,,,,,,,,,,,,,,,,,,,,,,,,,,,,,,,,,,,,,,
Arrays,,Find Minimum Number of Merge Operations to Make an Array Palindrome,https://www.geeksforgeeks.org/find-minimum-number-of-merge-operations-to-make-an-array-palindrome/,Amazon,,,,,,,,,,,,,,,,,,,,,,,,,,,,,,,,,,,,,,,,,,,,,,,
Arrays,,Given an Array of Numbers Arrange the Numbers to Form the Biggest Number,https://www.geeksforgeeks.org/given-an-array-of-numbers-arrange-the-numbers-to-form-the-biggest-number/,Barclays Interview Qs,,,,,,,,,,,,,,,,,,,,,,,,,,,,,,,,,,,,,,,,,,,,,,,
Arrays,,Space Optimization Using Bit Manipulations,https://www.geeksforgeeks.org/space-optimization-using-bit-manipulations/,Amazon,,,,,,,,,,,,,,,,,,,,,,,,,,,,,,,,,,,,,,,,,,,,,,,
Arrays,,Subarray Sum Divisible K,https://www.geeksforgeeks.org/longest-subarray-sum-divisible-k/, Snapdeal Microsoft,,,,,,,,,,,,,,,,,,,,,,,,,,,,,,,,,,,,,,,,,,,,,,,
Arrays,,Print all Possible Combinations of r Elements in a Given Array of Size n,https://www.geeksforgeeks.org/print-all-possible-combinations-of-r-elements-in-a-given-array-of-size-n/,Amazon,,,,,,,,,,,,,,,,,,,,,,,,,,,,,,,,,,,,,,,,,,,,,,,
Arrays,,Mo's Algorithm,https://www.geeksforgeeks.org/mos-algorithm-query-square-root-decomposition-set-1-introduction/,Microsoft,,,,,,,,,,,,,,,,,,,,,,,,,,,,,,,,,,,,,,,,,,,,,,,
,,,,,,,,,,,,,,,,,,,,,,,,,,,,,,,,,,,,,,,,,,,,,,,,,,,
,,,,,,,,,,,,,,,,,,,,,,,,,,,,,,,,,,,,,,,,,,,,,,,,,,,
Strings,,Valid Palindrome,https://leetcode.com/problems/valid-palindrome/, Amazon Cisco D-E-Shaw Facebook FactSet Morgan Stanley Paytm Zoho,,,,,,,,,,,,,,,,,,,,,,,,,,,,,,,,,,,,,,,,,,,,,,,
Strings,,Valid Anagram,https://leetcode.com/problems/valid-anagram/, Nagarro Media.net Directi Google Adobe Flipkart,,,,,,,,,,,,,,,,,,,,,,,,,,,,,,,,,,,,,,,,,,,,,,,
Strings,,Valid parentheses,https://leetcode.com/problems/valid-parentheses/,Google Interview Qs,,use Stacks (if possible),,,,,,,,,,,,,,,,,,,,,,,,,,,,,,,,,,,,,,,,,,,,,
Strings,,Remove Consecutive Characters,https://practice.geeksforgeeks.org/problems/consecutive-elements2306/1,Samsung + Adobe,,,,,,,,,,,,,,,,,,,,,,,,,,,,,,,,,,,,,,,,,,,,,,,
Strings,,Longest Common Prefix,https://leetcode.com/problems/longest-common-prefix/,Adobe + Grofers + Dunzo Interview Qs,,,,,,,,,,,,,,,,,,,,,,,,,,,,,,,,,,,,,,,,,,,,,,,
Strings,,Convert a Sentence into its Equivalent Mobile Numeric Keypad Sequence,https://www.geeksforgeeks.org/convert-sentence-equivalent-mobile-numeric-keypad-sequence/,Adobe ,,,,,,,,,,,,,,,,,,,,,,,,,,,,,,,,,,,,,,,,,,,,,,,
Strings,,Print all the Duplicates in the Input String,https://www.geeksforgeeks.org/print-all-the-duplicates-in-the-input-string/,Ola + Amdocs IQ,,,,,,,,,,,,,,,,,,,,,,,,,,,,,,,,,,,,,,,,,,,,,,,
Strings,,Longest Substring without Repeating Characters,https://leetcode.com/problems/longest-substring-without-repeating-characters/,Morgan Stanley + Amazon IQ,,,,,,,,,,,,,,,,,,,,,,,,,,,,,,,,,,,,,,,,,,,,,,,
Strings,,Longest Repeating Character Replacement,https://leetcode.com/problems/longest-repeating-character-replacement/, Amazon Google,,,,,,,,,,,,,,,,,,,,,,,,,,,,,,,,,,,,,,,,,,,,,,,
Strings,,Group Anagrams,https://leetcode.com/problems/group-anagrams/,Samsung + Adobe + Amazon Interview Qs,,,,,,,,,,,,,,,,,,,,,,,,,,,,,,,,,,,,,,,,,,,,,,,
Strings,,Longest Palindromic Substring,https://leetcode.com/problems/longest-palindromic-substring/,Microsoft + Google + Samsung + Visa IQ,,,,,,,,,,,,,,,,,,,,,,,,,,,,,,,,,,,,,,,,,,,,,,,
Strings,,Palindromic Substrings,https://leetcode.com/problems/palindromic-substrings/,Microsoft IQ,,,,,,,,,,,,,,,,,,,,,,,,,,,,,,,,,,,,,,,,,,,,,,,
Strings,,Next Permutation,https://practice.geeksforgeeks.org/problems/next-permutation5226/1,Adobe + Goldman Sachs + Uber,,,,,,,,,,,,,,,,,,,,,,,,,,,,,,,,,,,,,,,,,,,,,,,
Strings,,Count Palindromic Subsequences ,https://practice.geeksforgeeks.org/problems/count-palindromic-subsequences/1,Myntra Interview Qs,,,,,,,,,,,,,,,,,,,,,,,,,,,,,,,,,,,,,,,,,,,,,,,
Strings,,Smallest Window in a String Containing all the Characters of Another String,https://practice.geeksforgeeks.org/problems/smallest-window-in-a-string-containing-all-the-characters-of-another-string-1587115621/1,Microsoft + Amazon IQ,,,,,,,,,,,,,,,,,,,,,,,,,,,,,,,,,,,,,,,,,,,,,,,
Strings,,Wildcard String Matching,https://practice.geeksforgeeks.org/problems/wildcard-string-matching1126/1,Microsoft + Amazon + Ola IQ,,,,,,,,,,,,,,,,,,,,,,,,,,,,,,,,,,,,,,,,,,,,,,,
Strings,,Longest Prefix Suffix,https://practice.geeksforgeeks.org/problems/longest-prefix-suffix2527/1,Flipkart + Swiggy IQ,,,,,,,,,,,,,,,,,,,,,,,,,,,,,,,,,,,,,,,,,,,,,,,
Strings,,Rabin-Karp Algorithm for Pattern Searching,https://www.geeksforgeeks.org/rabin-karp-algorithm-for-pattern-searching/, Microsoft,,,,,,,,,,,,,,,,,,,,,,,,,,,,,,,,,,,,,,,,,,,,,,,
Strings,,Transform One String to Another using Minimum Number of Given Operation,https://www.geeksforgeeks.org/transform-one-string-to-another-using-minimum-number-of-given-operation/, Directi,,,,,,,,,,,,,,,,,,,,,,,,,,,,,,,,,,,,,,,,,,,,,,,
Strings,,Minimum Window Substring,https://leetcode.com/problems/minimum-window-substring/, Amazon Google MakeMyTrip Streamoid Technologies Microsoft Media.net Atlassian Flipkart,,,,,,,,,,,,,,,,,,,,,,,,,,,,,,,,,,,,,,,,,,,,,,,
Strings,,Boyer Moore Algorithm for Pattern Searching,https://www.geeksforgeeks.org/boyer-moore-algorithm-for-pattern-searching/,Amdocs,,,,,,,,,,,,,,,,,,,,,,,,,,,,,,,,,,,,,,,,,,,,,,,
Strings,,Word Wrap,https://practice.geeksforgeeks.org/problems/word-wrap1646/1,Microsoft,,use Dynaming Programming,,,,,,,,,,,,,,,,,,,,,,,,,,,,,,,,,,,,,,,,,,,,,
,,,,,,,,,,,,,,,,,,,,,,,,,,,,,,,,,,,,,,,,,,,,,,,,,,,
,,,,,,,,,,,,,,,,,,,,,,,,,,,,,,,,,,,,,,,,,,,,,,,,,,,
2D Arrays,,Zigzag (or diagonal) Traversal of Matrix,https://www.geeksforgeeks.org/zigzag-or-diagonal-traversal-of-matrix/, Amazon,,,,,,,,,,,,,,,,,,,,,,,,,,,,,,,,,,,,,,,,,,,,,,,
2D Arrays,,Set Matrix Zeroes,https://leetcode.com/problems/set-matrix-zeroes/,Amazon Microsoft,,,,,,,,,,,,,,,,,,,,,,,,,,,,,,,,,,,,,,,,,,,,,,,
2D Arrays,,Spiral Matrix,https://leetcode.com/problems/spiral-matrix/,Flipkart + Apple + Societe Generale IQ,,,,,,,,,,,,,,,,,,,,,,,,,,,,,,,,,,,,,,,,,,,,,,,
2D Arrays,,Rotate Image,https://leetcode.com/problems/rotate-image/, Microsoft Paytm Samsung Adobe,,,,,,,,,,,,,,,,,,,,,,,,,,,,,,,,,,,,,,,,,,,,,,,
2D Arrays,,Word Search,https://leetcode.com/problems/word-search/,Google + Ola + Goldman Sachs IQ,,,,,,,,,,,,,,,,,,,,,,,,,,,,,,,,,,,,,,,,,,,,,,,
2D Arrays,,Find the Number of Islands | Set 1 (Using DFS),https://www.geeksforgeeks.org/find-number-of-islands/,Microsoft + Uber + Apple + Amazon IQ,,Read about DFS,,,,,,,,,,,,,,,,,,,,,,,,,,,,,,,,,,,,,,,,,,,,,
2D Arrays,,"Given a Matrix of ‘O’ and ‘X’, Replace ‘O’ with ‘X’ if Surrounded by ‘X’",https://www.geeksforgeeks.org/given-matrix-o-x-replace-o-x-surrounded-x/, Google,,,,,,,,,,,,,,,,,,,,,,,,,,,,,,,,,,,,,,,,,,,,,,,
2D Arrays,,Find a Common Element in all Rows of a Given Row-Wise Sorted Matrix,https://www.geeksforgeeks.org/find-common-element-rows-row-wise-sorted-matrix/, MAQ Software Microsoft VMWare,,,,,,,,,,,,,,,,,,,,,,,,,,,,,,,,,,,,,,,,,,,,,,,
2D Arrays,,Create a Matrix with Alternating Rectangles of O and X,https://www.geeksforgeeks.org/create-a-matrix-with-alternating-rectangles-of-0-and-x/, MAQ VMWare,,,,,,,,,,,,,,,,,,,,,,,,,,,,,,,,,,,,,,,,,,,,,,,
2D Arrays,,Maximum Size Rectangle of all 1s,https://www.geeksforgeeks.org/maximum-size-rectangle-binary-sub-matrix-1s/,Amazon Microsoft,,,,,,,,,,,,,,,,,,,,,,,,,,,,,,,,,,,,,,,,,,,,,,,
,,,,,,,,,,,,,,,,,,,,,,,,,,,,,,,,,,,,,,,,,,,,,,,,,,,
,,,,,,,,,,,,,,,,,,,,,,,,,,,,,,,,,,,,,,,,,,,,,,,,,,,
Searching & Sorting,,Permute Two Arrays such that Sum of Every Pair is Greater or Equal to K,https://www.geeksforgeeks.org/permute-two-arrays-sum-every-pair-greater-equal-k/,Samsung,,,,,,,,,,,,,,,,,,,,,,,,,,,,,,,,,,,,,,,,,,,,,,,
Searching & Sorting,,counting sort,https://www.geeksforgeeks.org/counting-sort/,Samsung+ Morgan Stanley+ Snapdeal + EPAM Systems,,,,,,,,,,,,,,,,,,,,,,,,,,,,,,,,,,,,,,,,,,,,,,,
Searching & Sorting,,find common elements three sorted arrays,https://www.geeksforgeeks.org/find-common-elements-three-sorted-arrays/, MAQ Software Microsoft VMWare,,,,,,,,,,,,,,,,,,,,,,,,,,,,,,,,,,,,,,,,,,,,,,,
Searching & Sorting,,Searching in an array where adjacent differ by at most k,https://www.geeksforgeeks.org/searching-array-adjacent-differ-k/,TCS Amazon,,,,,,,,,,,,,,,,,,,,,,,,,,,,,,,,,,,,,,,,,,,,,,,
Searching & Sorting,,ceiling in a sorted array,https://www.geeksforgeeks.org/ceiling-in-a-sorted-array/,TCS,,,,,,,,,,,,,,,,,,,,,,,,,,,,,,,,,,,,,,,,,,,,,,,
Searching & Sorting,,Piar with given difference,https://www.geeksforgeeks.org/find-a-pair-with-the-given-difference/, Amazon Visa,,,,,,,,,,,,,,,,,,,,,,,,,,,,,,,,,,,,,,,,,,,,,,,
Searching & Sorting,,majority element,https://www.geeksforgeeks.org/majority-element/,Amazon+ Google,,,,,,,,,,,,,,,,,,,,,,,,,,,,,,,,,,,,,,,,,,,,,,,
Searching & Sorting,,count triplets with sum smaller that a given value,https://www.geeksforgeeks.org/count-triplets-with-sum-smaller-that-a-given-value/, Amazon SAP Labs,,,,,,,,,,,,,,,,,,,,,,,,,,,,,,,,,,,,,,,,,,,,,,,
Searching & Sorting,,Maximum Sum Subsequence with no adjacent elements,https://www.geeksforgeeks.org/maximum-sum-such-that-no-two-elements-are-adjacent/, Amazon FactSet Oxigen Wallet OYO Rooms Paytm Walmart Yahoo Adobe Flipkart,,,,,,,,,,,,,,,,,,,,,,,,,,,,,,,,,,,,,,,,,,,,,,,
Searching & Sorting,,Merge Sorted Arrays using O(1) Space,https://www.geeksforgeeks.org/merge-two-sorted-arrays-o1-extra-space/, Amdocs Brocade Goldman Sachs Juniper Networks Linkedin Microsoft Quikr Snapdeal Synopsys Zoho Adobe,,,,,,,,,,,,,,,,,,,,,,,,,,,,,,,,,,,,,,,,,,,,,,,
Searching & Sorting,,Inversion of Array,https://practice.geeksforgeeks.org/problems/inversion-of-array-1587115620/1, Adobe Amazon BankBazaar Flipkart Microsoft Myntra MakeMyTrip,,,,,,,,,,,,,,,,,,,,,,,,,,,,,,,,,,,,,,,,,,,,,,,
Searching & Sorting,,Find Duplicates in O(n) Time and O(1) Extra Space ,https://www.geeksforgeeks.org/find-duplicates-in-on-time-and-constant-extra-space/, Amazon D-E-Shaw Flipkart Paytm Qualcomm Zoho,,,,,,,,,,,,,,,,,,,,,,,,,,,,,,,,,,,,,,,,,,,,,,,
Searching & Sorting,,Radix Sort,https://www.geeksforgeeks.org/radix-sort/,Amazon+ Microsoft,,,,,,,,,,,,,,,,,,,,,,,,,,,,,,,,,,,,,,,,,,,,,,,
Searching & Sorting,,Product of Array except itself,https://www.geeksforgeeks.org/a-product-array-puzzle/, Accolite Amazon D-E-Shaw Intuit Morgan Stanley Opera Microsoft Flipkart,,,,,,,,,,,,,,,,,,,,,,,,,,,,,,,,,,,,,,,,,,,,,,,
Searching & Sorting,,Make all Array Elements Equal,https://www.geeksforgeeks.org/make-array-elements-equal-minimum-cost/,Amazon,,,,,,,,,,,,,,,,,,,,,,,,,,,,,,,,,,,,,,,,,,,,,,,
Searching & Sorting,,Check if Reversing a Sub Array Make the Array Sorted,https://www.geeksforgeeks.org/check-reversing-sub-array-make-array-sorted/, Amazon,,,,,,,,,,,,,,,,,,,,,,,,,,,,,,,,,,,,,,,,,,,,,,,
Searching & Sorting,,Find Four Elements that Sum to a Given Value,https://www.geeksforgeeks.org/find-four-elements-that-sum-to-a-given-value-set-2/, Adobe Amazon Google Microsoft OYO Rooms,,,,,,,,,,,,,,,,,,,,,,,,,,,,,,,,,,,,,,,,,,,,,,,
Searching & Sorting,,Median of Two Sorted Array with Different Size,https://www.geeksforgeeks.org/median-of-two-sorted-arrays-of-different-sizes/, Amazon Samsung Microsoft Google,,,,,,,,,,,,,,,,,,,,,,,,,,,,,,,,,,,,,,,,,,,,,,,
Searching & Sorting,,Median of Stream of Integers Running Integers,https://www.geeksforgeeks.org/median-of-stream-of-integers-running-integers/,Amazon + Google,,,,,,,,,,,,,,,,,,,,,,,,,,,,,,,,,,,,,,,,,,,,,,,
Searching & Sorting,,Print Subarrays with 0 Sum,https://www.geeksforgeeks.org/print-all-subarrays-with-0-sum/, Paytm Adobe,,,,,,,,,,,,,,,,,,,,,,,,,,,,,,,,,,,,,,,,,,,,,,,
Searching & Sorting,,Aggressive Cows,https://www.spoj.com/problems/AGGRCOW/,Adobe,,,,,,,,,,,,,,,,,,,,,,,,,,,,,,,,,,,,,,,,,,,,,,,
Searching & Sorting,,Allocate Minimum number of Pages,https://practice.geeksforgeeks.org/problems/allocate-minimum-number-of-pages0937/1, Google Infosys Codenation Amazon Microsoft,,,,,,,,,,,,,,,,,,,,,,,,,,,,,,,,,,,,,,,,,,,,,,,
Searching & Sorting,,Minimum Swaps to Sort,https://www.geeksforgeeks.org/minimum-number-swaps-required-sort-array/,Amazon + Google,,,,,,,,,,,,,,,,,,,,,,,,,,,,,,,,,,,,,,,,,,,,,,,
,,,,,,,,,,,,,,,,,,,,,,,,,,,,,,,,,,,,,,,,,,,,,,,,,,,
,,,,,,,,,,,,,,,,,,,,,,,,,,,,,,,,,,,,,,,,,,,,,,,,,,,
Backtracking,,Backtracking Set 2 Rat in a Maze,https://www.geeksforgeeks.org/backttracking-set-2-rat-in-a-maze/,Microsoft Amazon ,,,,,,,,,,,,,,,,,,,,,,,,,,,,,,,,,,,,,,,,,,,,,,,
Backtracking,,Combinational Sum,https://www.geeksforgeeks.org/combinational-sum/,Adobe Amazon Microsoft,,,,,,,,,,,,,,,,,,,,,,,,,,,,,,,,,,,,,,,,,,,,,,,
Backtracking,,Crossword-Puzzle,https://www.hackerrank.com/challenges/crossword-puzzle/problem,Microsoft,,,,,,,,,,,,,,,,,,,,,,,,,,,,,,,,,,,,,,,,,,,,,,,
Backtracking,,Longest Possible Route in a Matrix with Hurdles,https://www.geeksforgeeks.org/longest-possible-route-in-a-matrix-with-hurdles/,Microsoft,,,,,,,,,,,,,,,,,,,,,,,,,,,,,,,,,,,,,,,,,,,,,,,
Backtracking,,Printing all solutions in N-Queen Problem,https://www.geeksforgeeks.org/printing-solutions-n-queen-problem/,Accolite Amazon Amdocs D-E-Shaw MAQ Software Twitter Visa Microsoft,,,,,,,,,,,,,,,,,,,,,,,,,,,,,,,,,,,,,,,,,,,,,,,
Backtracking,,Solve the Sudoku,https://practice.geeksforgeeks.org/problems/solve-the-sudoku-1587115621/1,Amazon Directi Flipkart MakeMyTrip MAQ Software Microsoft Ola Cabs Oracle PayPal Zoho,,,,,,,,,,,,,,,,,,,,,,,,,,,,,,,,,,,,,,,,,,,,,,,
Backtracking,,Partition Equal Subset Sum,https://practice.geeksforgeeks.org/problems/subset-sum-problem2014/1,Amazon + Adobe + Accolite + Traveloka,,,,,,,,,,,,,,,,,,,,,,,,,,,,,,,,,,,,,,,,,,,,,,,
Backtracking,,M Coloring Problem,https://practice.geeksforgeeks.org/problems/m-coloring-problem-1587115620/1,Amazon,,,,,,,,,,,,,,,,,,,,,,,,,,,,,,,,,,,,,,,,,,,,,,,
Backtracking,,Knight Tour,https://www.geeksforgeeks.org/backtracking-set-1-the-knights-tour-problem/,IBM,,,,,,,,,,,,,,,,,,,,,,,,,,,,,,,,,,,,,,,,,,,,,,,
Backtracking,,Soduko,https://www.geeksforgeeks.org/backtracking-set-7-suduku/,Amazon + Adobe + Accolite + Traveloka,,,,,,,,,,,,,,,,,,,,,,,,,,,,,,,,,,,,,,,,,,,,,,,
Backtracking,,Remove Invalid Parentheses,https://www.geeksforgeeks.org/remove-invalid-parentheses/,Uber,,,,,,,,,,,,,,,,,,,,,,,,,,,,,,,,,,,,,,,,,,,,,,,
Backtracking,,Word Break Problem using Backtracking,https://www.geeksforgeeks.org/word-break-problem-using-backtracking/,,,,,,,,,,,,,,,,,,,,,,,,,,,,,,,,,,,,,,,,,,,,,,,,
Backtracking,,Print all Palindromic Partitions of a String,https://www.geeksforgeeks.org/print-palindromic-partitions-string/,Facebook Amazon Microsoft,,,,,,,,,,,,,,,,,,,,,,,,,,,,,,,,,,,,,,,,,,,,,,,
Backtracking,,Find Shortest Safe Route in a Path with Landmines,https://www.geeksforgeeks.org/find-shortest-safe-route-in-a-path-with-landmines/,Facebook Amazon Microsoft,,,,,,,,,,,,,,,,,,,,,,,,,,,,,,,,,,,,,,,,,,,,,,,
Backtracking,,Partition of Set into K Subsets with Equal Sum,https://www.geeksforgeeks.org/partition-set-k-subsets-equal-sum/,Amazon,,,,,,,,,,,,,,,,,,,,,,,,,,,,,,,,,,,,,,,,,,,,,,,
Backtracking,,Backtracking set-7 hamiltonian cycle,https://www.geeksforgeeks.org/backtracking-set-7-hamiltonian-cycle/,Amazon,,,,,,,,,,,,,,,,,,,,,,,,,,,,,,,,,,,,,,,,,,,,,,,
Backtracking,,tug-of-war,https://www.geeksforgeeks.org/tug-of-war/,Google,,,,,,,,,,,,,,,,,,,,,,,,,,,,,,,,,,,,,,,,,,,,,,,
Backtracking,,Maximum Possible Number by doing at most K swaps,https://www.geeksforgeeks.org/find-maximum-number-possible-by-doing-at-most-k-swaps/,Amazon + Adobe + Accolite + Traveloka,,,,,,,,,,,,,,,,,,,,,,,,,,,,,,,,,,,,,,,,,,,,,,,
Backtracking,,Backtracking set-8 solving cryptarithmetic puzzles,https://www.geeksforgeeks.org/backtracking-set-8-solving-cryptarithmetic-puzzles/,Goldman Sachs,,,,,,,,,,,,,,,,,,,,,,,,,,,,,,,,,,,,,,,,,,,,,,,
Backtracking,,Find paths from corner cell to middle cell in maze,https://www.geeksforgeeks.org/find-paths-from-corner-cell-to-middle-cell-in-maze/,Meta,,,,,,,,,,,,,,,,,,,,,,,,,,,,,,,,,,,,,,,,,,,,,,,
Backtracking,,Arithmetic Expressions,https://www.hackerrank.com/challenges/arithmetic-expressions/problem,Flipkart,,,,,,,,,,,,,,,,,,,,,,,,,,,,,,,,,,,,,,,,,,,,,,,
,,,,,,,,,,,,,,,,,,,,,,,,,,,,,,,,,,,,,,,,,,,,,,,,,,,
,,,,,,,,,,,,,,,,,,,,,,,,,,,,,,,,,,,,,,,,,,,,,,,,,,,
Linked List,,Reverse Linked List,https://leetcode.com/problems/reverse-linked-list/,Sprinklr,,,,,,,,,,,,,,,,,,,,,,,,,,,,,,,,,,,,,,,,,,,,,,,
Linked List,,Linked List Cycle,https://leetcode.com/problems/linked-list-cycle/, Accolite Amazon D-E-Shaw Hike Lybrate Mahindra Comviva MakeMyTrip MAQ Software OYO Rooms Paytm Qualcomm Samsung SAP Labs Snapdeal Veritas VMWare Walmart Adobe,,,,,,,,,,,,,,,,,,,,,,,,,,,,,,,,,,,,,,,,,,,,,,,
Linked List,,Merge Two Sorted Lists,https://leetcode.com/problems/merge-two-sorted-lists/, Accolite Amazon Belzabar Brocade FactSet Flipkart MakeMyTrip Microsoft OATS Systems Oracle Samsung Synopsys Zoho,,,,,,,,,,,,,,,,,,,,,,,,,,,,,,,,,,,,,,,,,,,,,,,
Linked List,,Delete without Head node,https://www.geeksforgeeks.org/given-only-a-pointer-to-a-node-to-be-deleted-in-a-singly-linked-list-how-do-you-delete-it/, Amazon Goldman Sachs Kritikal Solutions Microsoft Samsung Visa,,,,,,,,,,,,,,,,,,,,,,,,,,,,,,,,,,,,,,,,,,,,,,,
Linked List,,Remove duplicates from an unsorted linked list,https://www.geeksforgeeks.org/remove-duplicates-from-an-unsorted-linked-list/, Amazon Intuit ,,,,,,,,,,,,,,,,,,,,,,,,,,,,,,,,,,,,,,,,,,,,,,,
Linked List,,Sort a linked list of 0s-1s-or-2s,https://www.geeksforgeeks.org/sort-a-linked-list-of-0s-1s-or-2s/,Microsoft Amazon MakeMyTrip,,,,,,,,,,,,,,,,,,,,,,,,,,,,,,,,,,,,,,,,,,,,,,,
Linked List,,Multiply two numbers represented linked lists,https://www.geeksforgeeks.org/multiply-two-numbers-represented-linked-lists/, Amazon,,,,,,,,,,,,,,,,,,,,,,,,,,,,,,,,,,,,,,,,,,,,,,,
Linked List,,Remove nth node from end of list,https://leetcode.com/problems/remove-nth-node-from-end-of-list/, Accolite Adobe Amazon Citicorp Epic Systems FactSet Hike MAQ Software Monotype Solutions Morgan Stanley OYO Rooms Qualcomm Samsung Snapdeal Flipkart,,,,,,,,,,,,,,,,,,,,,,,,,,,,,,,,,,,,,,,,,,,,,,,
Linked List,,Reorder List,https://leetcode.com/problems/reorder-list/, Amazon Microsoft OYO Rooms Intuit,,,,,,,,,,,,,,,,,,,,,,,,,,,,,,,,,,,,,,,,,,,,,,,
Linked List,,Detect and remove loop in a linked list,https://www.geeksforgeeks.org/detect-and-remove-loop-in-a-linked-list/, Accolite Amazon D-E-Shaw Hike Lybrate Mahindra Comviva MakeMyTrip MAQ Software OYO Rooms Paytm Qualcomm Samsung SAP Labs Snapdeal Veritas VMWare Walmart Adobe,,,,,,,,,,,,,,,,,,,,,,,,,,,,,,,,,,,,,,,,,,,,,,,
Linked List,,Write a Function to get the Intersection Point of two Linked Lists,https://www.geeksforgeeks.org/write-a-function-to-get-the-intersection-point-of-two-linked-lists/,Amazon,,,,,,,,,,,,,,,,,,,,,,,,,,,,,,,,,,,,,,,,,,,,,,,
Linked List,,Flatten a linked list with next and child pointers,https://www.geeksforgeeks.org/flatten-a-linked-list-with-next-and-child-pointers/,Google ,,,,,,,,,,,,,,,,,,,,,,,,,,,,,,,,,,,,,,,,,,,,,,,
Linked List,,Linked list in zig-zag fashion,https://www.geeksforgeeks.org/linked-list-in-zig-zag-fashion/,Micorsoft ,,,,,,,,,,,,,,,,,,,,,,,,,,,,,,,,,,,,,,,,,,,,,,,
Linked List,,Reverse a doubly linked list,https://practice.geeksforgeeks.org/problems/reverse-a-doubly-linked-list/1,Walmart,,,,,,,,,,,,,,,,,,,,,,,,,,,,,,,,,,,,,,,,,,,,,,,
Linked List,,Delete nodes which have a greater value on right side,https://www.geeksforgeeks.org/delete-nodes-which-have-a-greater-value-on-right-side/,Amazon,,,,,,,,,,,,,,,,,,,,,,,,,,,,,,,,,,,,,,,,,,,,,,,
Linked List,,Segregate even and odd Elements in a Linked List,https://www.geeksforgeeks.org/segregate-even-and-odd-elements-in-a-linked-list/,Walmart,,,,,,,,,,,,,,,,,,,,,,,,,,,,,,,,,,,,,,,,,,,,,,,
Linked List,,Point to next higher value node in a linked list with an Arbitrary Pointer,https://www.geeksforgeeks.org/point-to-next-higher-value-node-in-a-linked-list-with-an-arbitrary-pointer/,GeekyAnts ,,,,,,,,,,,,,,,,,,,,,,,,,,,,,,,,,,,,,,,,,,,,,,,
Linked List,,Rearrange a given linked list in place,https://www.geeksforgeeks.org/rearrange-a-given-linked-list-in-place/,Ola Uber,,,,,,,,,,,,,,,,,,,,,,,,,,,,,,,,,,,,,,,,,,,,,,,
Linked List,,Sort Biotonic Doubly Linked Lists,https://www.geeksforgeeks.org/sort-biotonic-doubly-linked-list/,Morgan Stanley,,,,,,,,,,,,,,,,,,,,,,,,,,,,,,,,,,,,,,,,,,,,,,,
Linked List,,Merge K Sorted Lists,https://leetcode.com/problems/merge-k-sorted-lists/,Microsoft+ Ola+ eBay,,,,,,,,,,,,,,,,,,,,,,,,,,,,,,,,,,,,,,,,,,,,,,,
Linked List,,Merge sort for linked list,https://www.geeksforgeeks.org/merge-sort-for-linked-list/, Accolite Adobe Amazon MAQ Software Microsoft Paytm Veritas,,Important,,,,,,,,,,,,,,,,,,,,,,,,,,,,,,,,,,,,,,,,,,,,,
Linked List,,Quicksort on singly-linked list,https://www.geeksforgeeks.org/quicksort-on-singly-linked-list/, Paytm,,Important,,,,,,,,,,,,,,,,,,,,,,,,,,,,,,,,,,,,,,,,,,,,,
Linked List,,Sum of two linked lists,https://www.geeksforgeeks.org/sum-of-two-linked-lists/, Accolite Amazon Flipkart MakeMyTrip Microsoft Morgan Stanley Qualcomm Snapdeal,,,,,,,,,,,,,,,,,,,,,,,,,,,,,,,,,,,,,,,,,,,,,,,
Linked List,,Flattening a linked list,https://www.geeksforgeeks.org/flattening-a-linked-list/, 24*7 Innovation Labs Amazon Drishti-Soft Flipkart Goldman Sachs Microsoft Paytm Payu Qualcomm Snapdeal Visa,,,,,,,,,,,,,,,,,,,,,,,,,,,,,,,,,,,,,,,,,,,,,,,
Linked List,,Clone a linked list with next and random Pointer,https://www.geeksforgeeks.org/a-linked-list-with-next-and-arbit-pointer/,Triology,,,,,,,,,,,,,,,,,,,,,,,,,,,,,,,,,,,,,,,,,,,,,,,
Linked List,,Subtract two numbers represented as linked lists,https://www.geeksforgeeks.org/subtract-two-numbers-represented-as-linked-lists/,Amazon Goldman Sachs,,,,,,,,,,,,,,,,,,,,,,,,,,,,,,,,,,,,,,,,,,,,,,,
,,,,,,,,,,,,,,,,,,,,,,,,,,,,,,,,,,,,,,,,,,,,,,,,,,,
,, ,,,,,,,,,,,,,,,,,,,,,,,,,,,,,,,,,,,,,,,,,,,,,,,,,
Stacks & Queues,,Implement two stacks in an Array,https://www.geeksforgeeks.org/implement-two-stacks-in-an-array/, 24*7 Innovation Labs Microsoft Samsung Snapdeal,,,,,,,,,,,,,,,,,,,,,,,,,,,,,,,,,,,,,,,,,,,,,,,
Stacks & Queues,,Evaluation of Postfix Expression,https://www.geeksforgeeks.org/stack-set-4-evaluation-postfix-expression/,Amazon + Google + Facebook,,,,,,,,,,,,,,,,,,,,,,,,,,,,,,,,,,,,,,,,,,,,,,,
Stacks & Queues,,Implement Stack using Queues,https://leetcode.com/problems/implement-stack-using-queues/,Facebook,,,,,,,,,,,,,,,,,,,,,,,,,,,,,,,,,,,,,,,,,,,,,,,
Stacks & Queues,,Queue Reversal,https://practice.geeksforgeeks.org/problems/queue-reversal/1,Amazon + Morgain Stanley,,,,,,,,,,,,,,,,,,,,,,,,,,,,,,,,,,,,,,,,,,,,,,,
Stacks & Queues,,Implement Stack Queue using Deque,https://www.geeksforgeeks.org/implement-stack-queue-using-deque/,Microsoft +Atlassian ,,,,,,,,,,,,,,,,,,,,,,,,,,,,,,,,,,,,,,,,,,,,,,,
Stacks & Queues,,Reverse first k elements of queue,https://practice.geeksforgeeks.org/problems/reverse-first-k-elements-of-queue/1,Microsoft + Amdocs,,,,,,,,,,,,,,,,,,,,,,,,,,,,,,,,,,,,,,,,,,,,,,,
Stacks & Queues,,Design Stack with Middle Operation,https://www.geeksforgeeks.org/design-a-stack-with-find-middle-operation/,MaQ Software,,,,,,,,,,,,,,,,,,,,,,,,,,,,,,,,,,,,,,,,,,,,,,,
Stacks & Queues,,Infix to Postfix,https://www.geeksforgeeks.org/stack-set-2-infix-to-postfix/,Amazon + Samsung + Paytm + Vmware inc,,,,,,,,,,,,,,,,,,,,,,,,,,,,,,,,,,,,,,,,,,,,,,,
Stacks & Queues,,Design and Implement Special stack ,https://www.geeksforgeeks.org/design-and-implement-special-stack-data-structure/,Amazon Google Microsoft Visa Goldman Sachs,,,,,,,,,,,,,,,,,,,,,,,,,,,,,,,,,,,,,,,,,,,,,,,
Stacks & Queues,,Longest Valid String,https://www.geeksforgeeks.org/length-of-the-longest-valid-substring/, Google Microsoft,,,,,,,,,,,,,,,,,,,,,,,,,,,,,,,,,,,,,,,,,,,,,,,
Stacks & Queues,,Find if an expression has duplicate parenthesis or not,https://www.geeksforgeeks.org/find-expression-duplicate-parenthesis-not/,Flipkart Oracle OYO Rooms Snapdeal Walmart Yatra.com Microsoft Google,,,,,,,,,,,,,,,,,,,,,,,,,,,,,,,,,,,,,,,,,,,,,,,
Stacks & Queues,,Stack permutations check if an array is stack permutation of other,https://www.geeksforgeeks.org/stack-permutations-check-if-an-array-is-stack-permutation-of-other/,Visa,,,,,,,,,,,,,,,,,,,,,,,,,,,,,,,,,,,,,,,,,,,,,,,
Stacks & Queues,,Count natural numbers whose permutation greater number,https://www.geeksforgeeks.org/count-natural-numbers-whose-permutation-greater-number/,Amazon,,,,,,,,,,,,,,,,,,,,,,,,,,,,,,,,,,,,,,,,,,,,,,,
Stacks & Queues,,Sort a stack using Recursion,https://www.geeksforgeeks.org/sort-a-stack-using-recursion/,Amazon Goldman Sachs IBM Intuit Kuliza Yahoo Microsoft,,,,,,,,,,,,,,,,,,,,,,,,,,,,,,,,,,,,,,,,,,,,,,,
Stacks & Queues,,Queue based approach for first non repeating character in a stream,https://www.geeksforgeeks.org/queue-based-approach-for-first-non-repeating-character-in-a-stream/, Microsoft Flipkart,,,,,,,,,,,,,,,,,,,,,,,,,,,,,,,,,,,,,,,,,,,,,,,
Stacks & Queues,,The Celebrity Problem,https://practice.geeksforgeeks.org/problems/the-celebrity-problem/1,Google + Visa + Apple,,,,,,,,,,,,,,,,,,,,,,,,,,,,,,,,,,,,,,,,,,,,,,,
Stacks & Queues,,Next larger Element,https://practice.geeksforgeeks.org/problems/next-larger-element-1587115620/1,Visa,,,,,,,,,,,,,,,,,,,,,,,,,,,,,,,,,,,,,,,,,,,,,,,
Stacks & Queues,,Distance of nearest cell,https://practice.geeksforgeeks.org/problems/distance-of-nearest-cell-having-1-1587115620/1,Flipkar + Facebook,,,,,,,,,,,,,,,,,,,,,,,,,,,,,,,,,,,,,,,,,,,,,,,
Stacks & Queues,,Rotten-oranges,https://practice.geeksforgeeks.org/problems/rotten-oranges2536/1,Facebook,,,,,,,,,,,,,,,,,,,,,,,,,,,,,,,,,,,,,,,,,,,,,,,
Stacks & Queues,,Next smaller element,https://www.geeksforgeeks.org/next-smaller-element/,Codenation,,,,,,,,,,,,,,,,,,,,,,,,,,,,,,,,,,,,,,,,,,,,,,,
Stacks & Queues,,Circular-tour,https://practice.geeksforgeeks.org/problems/circular-tour/1,Codenation Flipkart,,,,,,,,,,,,,,,,,,,,,,,,,,,,,,,,,,,,,,,,,,,,,,,
Stacks & Queues,,Efficiently implement k-stacks single array,https://www.geeksforgeeks.org/efficiently-implement-k-stacks-single-array/,Flipkart,,,,,,,,,,,,,,,,,,,,,,,,,,,,,,,,,,,,,,,,,,,,,,,
Stacks & Queues,,The celebrity problem,http://geeksforgeeks.org/the-celebrity-problem/,Google + Visa + Apple,,,,,,,,,,,,,,,,,,,,,,,,,,,,,,,,,,,,,,,,,,,,,,,
Stacks & Queues,,Iterative tower of hanoi,https://www.geeksforgeeks.org/iterative-tower-of-hanoi/, Microsoft Flipkart,,,,,,,,,,,,,,,,,,,,,,,,,,,,,,,,,,,,,,,,,,,,,,,
Stacks & Queues,,Find the maximum of minimums for every window size in a given array,https://www.geeksforgeeks.org/find-the-maximum-of-minimums-for-every-window-size-in-a-given-array/, Amazon Microsoft Flipkart,,,,,,,,,,,,,,,,,,,,,,,,,,,,,,,,,,,,,,,,,,,,,,,
Stacks & Queues,,lru cache implementation,https://www.geeksforgeeks.org/lru-cache-implementation/,Microsoft + Uber + Alibaba,,,,,,,,,,,,,,,,,,,,,,,,,,,,,,,,,,,,,,,,,,,,,,,
Stacks & Queues,,Find a tour that visits all stations,https://www.geeksforgeeks.org/find-a-tour-that-visits-all-stations/,Uber,,,,,,,,,,,,,,,,,,,,,,,,,,,,,,,,,,,,,,,,,,,,,,,
,,,,,,,,,,,,,,,,,,,,,,,,,,,,,,,,,,,,,,,,,,,,,,,,,,,
,,,,,,,,,,,,,,,,,,,,,,,,,,,,,,,,,,,,,,,,,,,,,,,,,,,
Greedy,,Activity selection problem greedy algo,https://www.geeksforgeeks.org/activity-selection-problem-greedy-algo-1/, Facebook Morgan Stanley Flipkart,,,,,,,,,,,,,,,,,,,,,,,,,,,,,,,,,,,,,,,,,,,,,,,
Greedy,,Greedy algorithm to find minimum number of coins,https://www.geeksforgeeks.org/greedy-algorithm-to-find-minimum-number-of-coins/, Accolite Amazon Morgan Stanley Oracle Paytm Samsung Snapdeal Synopsys Visa Microsoft Google,,,,,,,,,,,,,,,,,,,,,,,,,,,,,,,,,,,,,,,,,,,,,,,
Greedy,,Minimum sum two numbers formed digits array-2,https://www.geeksforgeeks.org/minimum-sum-two-numbers-formed-digits-array-2/, Google,,,,,,,,,,,,,,,,,,,,,,,,,,,,,,,,,,,,,,,,,,,,,,,
Greedy,,Minimum sum absolute difference pairs two arrays,https://www.geeksforgeeks.org/minimum-sum-absolute-difference-pairs-two-arrays/, Amazon,,,,,,,,,,,,,,,,,,,,,,,,,,,,,,,,,,,,,,,,,,,,,,,
Greedy,,Find maximum height pyramid from the given array of objects,https://www.geeksforgeeks.org/find-maximum-height-pyramid-from-the-given-array-of-objects/,Flipkart Amazon,,,,,,,,,,,,,,,,,,,,,,,,,,,,,,,,,,,,,,,,,,,,,,,
Greedy,,Minimum cost for acquiring all coins with k extra coins allowed with every coin,https://www.geeksforgeeks.org/minimum-cost-for-acquiring-all-coins-with-k-extra-coins-allowed-with-every-coin/,,,,,,,,,,,,,,,,,,,,,,,,,,,,,,,,,,,,,,,,,,,,,,,,
Greedy,,Find maximum equal sum of every three stacks,http://geeksforgeeks.org/find-maximum-sum-possible-equal-sum-three-stacks/,Microsoft  Amazon Flipkart,,,,,,,,,,,,,,,,,,,,,,,,,,,,,,,,,,,,,,,,,,,,,,,
Greedy,,Job sequencing problem,https://www.geeksforgeeks.org/job-sequencing-problem/,Microsoft + Acolite,,,,,,,,,,,,,,,,,,,,,,,,,,,,,,,,,,,,,,,,,,,,,,,
Greedy,,Greedy algorithm egyptian fraction,https://www.geeksforgeeks.org/greedy-algorithm-egyptian-fraction/,,,,,,,,,,,,,,,,,,,,,,,,,,,,,,,,,,,,,,,,,,,,,,,,
Greedy,,Fractional knapsack problem,https://www.geeksforgeeks.org/fractional-knapsack-problem/, Microsoft,,,,,,,,,,,,,,,,,,,,,,,,,,,,,,,,,,,,,,,,,,,,,,,
Greedy,,Maximum length chain of pairs,https://www.geeksforgeeks.org/maximum-length-chain-of-pairs-dp-20/, Amazon Microsoft,,,,,,,,,,,,,,,,,,,,,,,,,,,,,,,,,,,,,,,,,,,,,,,
Greedy,,Find smallest number with given number of digits and digit sum,https://www.geeksforgeeks.org/find-smallest-number-with-given-number-of-digits-and-digit-sum/, MAQ Software OYO Rooms,,,,,,,,,,,,,,,,,,,,,,,,,,,,,,,,,,,,,,,,,,,,,,,
Greedy,,Maximize sum of consecutive differences circular-array,https://www.geeksforgeeks.org/maximize-sum-consecutive-differences-circular-array/,Maccafe,,,,,,,,,,,,,,,,,,,,,,,,,,,,,,,,,,,,,,,,,,,,,,,
Greedy,,paper-cut minimum number squares,https://www.geeksforgeeks.org/paper-cut-minimum-number-squares/, Google,,,,,,,,,,,,,,,,,,,,,,,,,,,,,,,,,,,,,,,,,,,,,,,
Greedy,,Lexicographically smallest array-k consecutive swaps,http://geeksforgeeks.org/lexicographically-smallest-array-k-consecutive-swaps/,Amazon,,,,,,,,,,,,,,,,,,,,,,,,,,,,,,,,,,,,,,,,,,,,,,,
Greedy,,Problems-CHOCOLA,https://www.spoj.com/problems/CHOCOLA/, Flipkart,,,,,,,,,,,,,,,,,,,,,,,,,,,,,,,,,,,,,,,,,,,,,,,
Greedy,,Find minimum time to finish all jobs with given constraints,https://www.geeksforgeeks.org/find-minimum-time-to-finish-all-jobs-with-given-constraints/,,,,,,,,,,,,,,,,,,,,,,,,,,,,,,,,,,,,,,,,,,,,,,,,
Greedy,,Job sequencing using disjoint set union,https://www.geeksforgeeks.org/job-sequencing-using-disjoint-set-union/, Samsung,,,,,,,,,,,,,,,,,,,,,,,,,,,,,,,,,,,,,,,,,,,,,,,
Greedy,,Rearrange characters string such that no two adjacent are same,https://www.geeksforgeeks.org/rearrange-characters-string-no-two-adjacent/, Amazon Microsoft,,,,,,,,,,,,,,,,,,,,,,,,,,,,,,,,,,,,,,,,,,,,,,,
Greedy,,Minimum edges to reverse to make path from a source to a destination,https://www.geeksforgeeks.org/minimum-edges-reverse-make-path-source-destination/,,,,,,,,,,,,,,,,,,,,,,,,,,,,,,,,,,,,,,,,,,,,,,,,
Greedy,,Minimize Cash Flow among a given set of friends who have borrowed money from each other,https://www.geeksforgeeks.org/minimize-cash-flow-among-given-set-friends-borrowed-money/,,,,,,,,,,,,,,,,,,,,,,,,,,,,,,,,,,,,,,,,,,,,,,,,
Greedy,,Minimum Cost to cut a board into squares,https://www.geeksforgeeks.org/minimum-cost-cut-board-squares/,Maccafe,,,,,,,,,,,,,,,,,,,,,,,,,,,,,,,,,,,,,,,,,,,,,,,
,,,,,,,,,,,,,,,,,,,,,,,,,,,,,,,,,,,,,,,,,,,,,,,,,,,
,,,,,,,,,,,,,,,,,,,,,,,,,,,,,,,,,,,,,,,,,,,,,,,,,,,
Binary Trees,, Maximum Depth of Binary Tree,https://leetcode.com/problems/maximum-depth-of-binary-tree/, Amazon Cadence India CouponDunia D-E-Shaw FactSet FreeCharge MakeMyTrip,,,,,,,,,,,,,,,,,,,,,,,,,,,,,,,,,,,,,,,,,,,,,,,
Binary Trees,,Reverse Level Order Traversal,https://practice.geeksforgeeks.org/problems/reverse-level-order-traversal/1,Amazon + Microsoft + flipkart + Adobe,,,,,,,,,,,,,,,,,,,,,,,,,,,,,,,,,,,,,,,,,,,,,,,
Binary Trees,,Subtree of Another Tree,https://leetcode.com/problems/subtree-of-another-tree/,Amazon + Microsoft + Facebook,,,,,,,,,,,,,,,,,,,,,,,,,,,,,,,,,,,,,,,,,,,,,,,
Binary Trees,,Invert Binary Tree,https://leetcode.com/problems/invert-binary-tree/, Amazon Hike,,,,,,,,,,,,,,,,,,,,,,,,,,,,,,,,,,,,,,,,,,,,,,,
Binary Trees,,Binary Tree Level Order Traversal,https://leetcode.com/problems/binary-tree-level-order-traversal/, Accolite Adobe Amazon Cisco D-E-Shaw Flipkart,,,,,,,,,,,,,,,,,,,,,,,,,,,,,,,,,,,,,,,,,,,,,,,
Binary Trees,,Left View of Binary Tree,https://practice.geeksforgeeks.org/problems/left-view-of-binary-tree/1,Microsoft + Adobe + Cisco Networking Academy,,,,,,,,,,,,,,,,,,,,,,,,,,,,,,,,,,,,,,,,,,,,,,,
Binary Trees,,Right View of Binary Tree,https://practice.geeksforgeeks.org/problems/right-view-of-binary-tree/1,Amdocs,,,,,,,,,,,,,,,,,,,,,,,,,,,,,,,,,,,,,,,,,,,,,,,
Binary Trees,,ZigZag Tree Traversal,https://practice.geeksforgeeks.org/problems/zigzag-tree-traversal/1, Amazon Cisco FactSet Hike Snapdeal Walmart Microsoft Flipkart,,,,,,,,,,,,,,,,,,,,,,,,,,,,,,,,,,,,,,,,,,,,,,,
Binary Trees,,Create a mirror tree from the given binary tree,https://www.geeksforgeeks.org/create-a-mirror-tree-from-the-given-binary-tree/, Accolite Adobe Amazon Belzabar EBay Goldman Sachs Microsoft Morgan Stanley Myntra Ola Cabs Paytm,,,,,,,,,,,,,,,,,,,,,,,,,,,,,,,,,,,,,,,,,,,,,,,
Binary Trees,,Leaf at same level,https://practice.geeksforgeeks.org/problems/leaf-at-same-level/1, Amazon,,,,,,,,,,,,,,,,,,,,,,,,,,,,,,,,,,,,,,,,,,,,,,,
Binary Trees,,Check for Balanced Tree,https://practice.geeksforgeeks.org/problems/check-for-balanced-tree/1, Amazon Walmart Microsoft,,,,,,,,,,,,,,,,,,,,,,,,,,,,,,,,,,,,,,,,,,,,,,,
Binary Trees,,Transform to Sum Tree,https://practice.geeksforgeeks.org/problems/transform-to-sum-tree/1, Amazon FactSet Microsoft Samsung Walmart,,,,,,,,,,,,,,,,,,,,,,,,,,,,,,,,,,,,,,,,,,,,,,,
Binary Trees,,Check if Tree is Isomorphic ,https://practice.geeksforgeeks.org/problems/check-if-tree-is-isomorphic/1, Amazon Microsoft,,,,,,,,,,,,,,,,,,,,,,,,,,,,,,,,,,,,,,,,,,,,,,,
Binary Trees,,Same Tree,https://leetcode.com/problems/same-tree/, Amazon Microsoft Flipkart,,,,,,,,,,,,,,,,,,,,,,,,,,,,,,,,,,,,,,,,,,,,,,,
Binary Trees,,Construct Binary Tree from Preorder and Inorder Traversal,https://leetcode.com/problems/construct-binary-tree-from-preorder-and-inorder-traversal/, Accolite Amazon Microsoft,,,,,,,,,,,,,,,,,,,,,,,,,,,,,,,,,,,,,,,,,,,,,,,
Binary Trees,,Height of Binary Tree ,https://practice.geeksforgeeks.org/problems/height-of-binary-tree/1, Amazon Cadence India CouponDunia D-E-Shaw FactSet FreeCharge MakeMyTrip,,,,,,,,,,,,,,,,,,,,,,,,,,,,,,,,,,,,,,,,,,,,,,,
Binary Trees,,Diameter of a Binary Tree,https://practice.geeksforgeeks.org/problems/diameter-of-binary-tree/1, Amazon Microsoft OYO Rooms,,,,,,,,,,,,,,,,,,,,,,,,,,,,,,,,,,,,,,,,,,,,,,,
Binary Trees,,Top View of Binary Tree,https://practice.geeksforgeeks.org/problems/top-view-of-binary-tree/1,Microsoft + Adobe + Expedia Group,,,,,,,,,,,,,,,,,,,,,,,,,,,,,,,,,,,,,,,,,,,,,,,
Binary Trees,,Bottom View of Binary Tree ,https://practice.geeksforgeeks.org/problems/bottom-view-of-binary-tree/1,DE Shaw India,,,,,,,,,,,,,,,,,,,,,,,,,,,,,,,,,,,,,,,,,,,,,,,
Binary Trees,,Diagonal Traversal of Binary Tree ,https://www.geeksforgeeks.org/diagonal-traversal-of-binary-tree/, Amazon Microsoft,,,,,,,,,,,,,,,,,,,,,,,,,,,,,,,,,,,,,,,,,,,,,,,
Binary Trees,,Boundary Traversal of binary tree,https://practice.geeksforgeeks.org/problems/boundary-traversal-of-binary-tree/1, Accolite Amazon FactSet Hike Kritikal Solutions,,,,,,,,,,,,,,,,,,,,,,,,,,,,,,,,,,,,,,,,,,,,,,,
Binary Trees,,Construct Binary Tree from String with Brackets,https://www.geeksforgeeks.org/construct-binary-tree-string-bracket-representation/, Microsoft Morgan Stanley OYO Rooms Payu Samsung Snapdeal Flipkart,,,,,,,,,,,,,,,,,,,,,,,,,,,,,,,,,,,,,,,,,,,,,,,
Binary Trees,,Minimum swap required to convert binary tree to binary search tree,https://www.geeksforgeeks.org/minimum-swap-required-convert-binary-tree-binary-search-tree/, Adobe Amazon,,,,,,,,,,,,,,,,,,,,,,,,,,,,,,,,,,,,,,,,,,,,,,,
Binary Trees,,Duplicate subtree in Binary Tree,https://practice.geeksforgeeks.org/problems/duplicate-subtree-in-binary-tree/1, Google,,,,,,,,,,,,,,,,,,,,,,,,,,,,,,,,,,,,,,,,,,,,,,,
Binary Trees,,Check if a given graph is tree or not,https://www.geeksforgeeks.org/check-given-graph-tree/,Microsoft Amazon,,,,,,,,,,,,,,,,,,,,,,,,,,,,,,,,,,,,,,,,,,,,,,,
Binary Trees,,Lowest Common Ancestor in a Binary Tree,https://practice.geeksforgeeks.org/problems/lowest-common-ancestor-in-a-binary-tree/1, Accolite Amazon American Express Cisco Expedia Flipkart MakeMyTrip Microsoft OYO Room,,,,,,,,,,,,,,,,,,,,,,,,,,,,,,,,,,,,,,,,,,,,,,,
Binary Trees,,Min distance between two given nodes of a Binary Tree,https://practice.geeksforgeeks.org/problems/min-distance-between-two-given-nodes-of-a-binary-tree/1, Amazon Linkedin MakeMyTrip Ola Cabs Qualcomm Samsung,,,,,,,,,,,,,,,,,,,,,,,,,,,,,,,,,,,,,,,,,,,,,,,
Binary Trees,,Duplicate Subtrees,https://practice.geeksforgeeks.org/problems/duplicate-subtrees/1,Ola,,,,,,,,,,,,,,,,,,,,,,,,,,,,,,,,,,,,,,,,,,,,,,,
Binary Trees,,Kth ancestor of a node in binary tree,https://www.geeksforgeeks.org/kth-ancestor-node-binary-tree-set-2/,Josh Technology Group,,,,,,,,,,,,,,,,,,,,,,,,,,,,,,,,,,,,,,,,,,,,,,,
Binary Trees,,Binary Tree Maximum Path Sum,https://leetcode.com/problems/binary-tree-maximum-path-sum/,Samsung + Facebook,,,,,,,,,,,,,,,,,,,,,,,,,,,,,,,,,,,,,,,,,,,,,,,
Binary Trees,,Serialize and Deserialize Binary Tree,https://leetcode.com/problems/serialize-and-deserialize-binary-tree/, Flipkart InMobi Linkedin MAQ Software Microsoft Paytm Quikr Yahoo,,,,,,,,,,,,,,,,,,,,,,,,,,,,,,,,,,,,,,,,,,,,,,,
Binary Trees,,Binary Tree to DLL,https://practice.geeksforgeeks.org/problems/binary-tree-to-dll/1, Accolite Amazon Goldman Sachs Microsoft Morgan Stanley Salesforce Snapdeal,,,,,,,,,,,,,,,,,,,,,,,,,,,,,,,,,,,,,,,,,,,,,,,
Binary Trees,,Print all k-sum paths in a binary tree,https://www.geeksforgeeks.org/print-k-sum-paths-binary-tree/, Accolite Amazon Goldman Sachs ,,,,,,,,,,,,,,,,,,,,,,,,,,,,,,,,,,,,,,,,,,,,,,,
,,,,,,,,,,,,,,,,,,,,,,,,,,,,,,,,,,,,,,,,,,,,,,,,,,,
,,,,,,,,,,,,,,,,,,,,,,,,,,,,,,,,,,,,,,,,,,,,,,,,,,,
Binary Search Trees,,Lowest Common Ancestor of a Binary Search Tree,https://leetcode.com/problems/lowest-common-ancestor-of-a-binary-search-tree/, Accolite Amazon Flipkart MAQ Software Microsoft Samsung Synopsys,,,,,,,,,,,,,,,,,,,,,,,,,,,,,,,,,,,,,,,,,,,,,,,
Binary Search Trees,,Binary Search Tree | Set 1 (Search and Insertion),https://www.geeksforgeeks.org/binary-search-tree-set-1-search-and-insertion/, Accolite Amazon Microsoft Paytm Samsung,,,,,,,,,,,,,,,,,,,,,,,,,,,,,,,,,,,,,,,,,,,,,,,
Binary Search Trees,,Minimum element in BST ,https://practice.geeksforgeeks.org/problems/minimum-element-in-bst/1, Microsoft,,,,,,,,,,,,,,,,,,,,,,,,,,,,,,,,,,,,,,,,,,,,,,,
Binary Search Trees,,Predecessor and Successor,https://practice.geeksforgeeks.org/problems/predecessor-and-successor/1,Google + Adobe + Goladman Sachs + Direct,,,,,,,,,,,,,,,,,,,,,,,,,,,,,,,,,,,,,,,,,,,,,,,
Binary Search Trees,,Check whether BST contains Dead End,https://practice.geeksforgeeks.org/problems/check-whether-bst-contains-dead-end/1,Walmart,,,,,,,,,,,,,,,,,,,,,,,,,,,,,,,,,,,,,,,,,,,,,,,
Binary Search Trees,,Binary Tree to BST,https://practice.geeksforgeeks.org/problems/binary-tree-to-bst/1,HSBC,,,,,,,,,,,,,,,,,,,,,,,,,,,,,,,,,,,,,,,,,,,,,,,
Binary Search Trees,,Kth largest element in BST ,https://practice.geeksforgeeks.org/problems/kth-largest-element-in-bst/1, Accolite Amazon Samsung SAP Labs Microsoft,,,,,,,,,,,,,,,,,,,,,,,,,,,,,,,,,,,,,,,,,,,,,,,
Binary Search Trees,,Validate Binary Search Tree,https://leetcode.com/problems/validate-binary-search-tree/, OYO Rooms Qualcomm Samsung Snapdeal VMWare Walmart Wooker Amazon Facebook,,,,,,,,,,,,,,,,,,,,,,,,,,,,,,,,,,,,,,,,,,,,,,,
Binary Search Trees,,Kth Smallest Element in a BST,https://leetcode.com/problems/kth-smallest-element-in-a-bst/, Accolite Amazon Google,,,,,,,,,,,,,,,,,,,,,,,,,,,,,,,,,,,,,,,,,,,,,,,
Binary Search Trees,,Delete Node in a BST,https://leetcode.com/problems/delete-node-in-a-bst/,Adobe Barclays,,,,,,,,,,,,,,,,,,,,,,,,,,,,,,,,,,,,,,,,,,,,,,,
Binary Search Trees,,Flatten BST to sorted list,https://www.geeksforgeeks.org/flatten-bst-to-sorted-list-increasing-order/, Microsoft,,,,,,,,,,,,,,,,,,,,,,,,,,,,,,,,,,,,,,,,,,,,,,,
Binary Search Trees,,Preorder to Postorder,https://practice.geeksforgeeks.org/problems/preorder-to-postorder4423/1, Amazon Linkedin Flipkart,,,,,,,,,,,,,,,,,,,,,,,,,,,,,,,,,,,,,,,,,,,,,,,
Binary Search Trees,,Count BST nodes that lie in a given range ,https://practice.geeksforgeeks.org/problems/count-bst-nodes-that-lie-in-a-given-range/1, D-E-Shaw Google,,,,,,,,,,,,,,,,,,,,,,,,,,,,,,,,,,,,,,,,,,,,,,,
Binary Search Trees,,Populate Inorder Successor for all Nodes,https://practice.geeksforgeeks.org/problems/populate-inorder-successor-for-all-nodes/1,Sap labs,,,,,,,,,,,,,,,,,,,,,,,,,,,,,,,,,,,,,,,,,,,,,,,
Binary Search Trees,,Convert Normal BST to Balanced BST,https://www.geeksforgeeks.org/convert-normal-bst-balanced-bst/, Paytm,,,,,,,,,,,,,,,,,,,,,,,,,,,,,,,,,,,,,,,,,,,,,,,
Binary Search Trees,,Merge two BSTs,https://www.geeksforgeeks.org/merge-two-balanced-binary-search-trees/,DE Shaw India,,,,,,,,,,,,,,,,,,,,,,,,,,,,,,,,,,,,,,,,,,,,,,,
Binary Search Trees,,"Given n appointments, find all conflicting appointments",https://www.geeksforgeeks.org/given-n-appointments-find-conflicting-appointments/,Samsung,,,,,,,,,,,,,,,,,,,,,,,,,,,,,,,,,,,,,,,,,,,,,,,
Binary Search Trees,,Replace every element,https://www.geeksforgeeks.org/replace-every-element-with-the-least-greater-element-on-its-right/,Samsung,,,,,,,,,,,,,,,,,,,,,,,,,,,,,,,,,,,,,,,,,,,,,,,
Binary Search Trees,,Construct BST from given preorder traversal,https://www.geeksforgeeks.org/construct-bst-from-given-preorder-traversa/, Adobe Morgan Stanley Microsoft,,,,,,,,,,,,,,,,,,,,,,,,,,,,,,,,,,,,,,,,,,,,,,,
Binary Search Trees,,Find median of BST in O(n) time and O(1) space,https://www.geeksforgeeks.org/find-median-bst-time-o1-space/, Amazon,,,,,,,,,,,,,,,,,,,,,,,,,,,,,,,,,,,,,,,,,,,,,,,
Binary Search Trees,,Largest BST in a Binary Tree,https://www.geeksforgeeks.org/largest-bst-binary-tree-set-2/, Amazon D-E-Shaw Samsung Microsoft Flipkart,,Important,,,,,,,,,,,,,,,,,,,,,,,,,,,,,,,,,,,,,,,,,,,,,
,,,,,,,,,,,,,,,,,,,,,,,,,,,,,,,,,,,,,,,,,,,,,,,,,,,
,,,,,,,,,,,,,,,,,,,,,,,,,,,,,,,,,,,,,,,,,,,,,,,,,,,
Heaps & Hashing,,Choose k array elements such that difference of maximum and minimum is minimized,https://www.geeksforgeeks.org/k-numbers-difference-maximum-minimum-k-number-minimized/,,,,,,,,,,,,,,,,,,,,,,,,,,,,,,,,,,,,,,,,,,,,,,,,
Heaps & Hashing,,Heap Sort,https://www.geeksforgeeks.org/heap-sort/,Adobe,,,,,,,,,,,,,,,,,,,,,,,,,,,,,,,,,,,,,,,,,,,,,,,
Heaps & Hashing,,Top K Frequent Elements,https://leetcode.com/problems/top-k-frequent-elements/, Amazon Microsoft,,,,,,,,,,,,,,,,,,,,,,,,,,,,,,,,,,,,,,,,,,,,,,,
Heaps & Hashing,,k largest elements in an array,https://www.geeksforgeeks.org/k-largestor-smallest-elements-in-an-array/, Amazon Microsoft Walmart Adobe,,,,,,,,,,,,,,,,,,,,,,,,,,,,,,,,,,,,,,,,,,,,,,,
Heaps & Hashing,,Next Greater Element,https://www.geeksforgeeks.org/next-greater-element/,Amazon + Microsoft + Flipkart + Adobe,,,,,,,,,,,,,,,,,,,,,,,,,,,,,,,,,,,,,,,,,,,,,,,
Heaps & Hashing,,K’th Smallest/Largest Element in Unsorted Array,https://www.geeksforgeeks.org/kth-smallestlargest-element-unsorted-array/, ABCO Accolite Amazon Cisco Hike Microsoft Snapdeal VMWare Google Adobe,,,,,,,,,,,,,,,,,,,,,,,,,,,,,,,,,,,,,,,,,,,,,,,
Heaps & Hashing,,Find the maximum repeating number in O(n) time and O(1) extra space,https://www.geeksforgeeks.org/find-the-maximum-repeating-number-in-ok-time/, Accolite Amazon,,,,,,,,,,,,,,,,,,,,,,,,,,,,,,,,,,,,,,,,,,,,,,,
Heaps & Hashing,,K-th smallest element after removing some integers from natural numbers,https://www.geeksforgeeks.org/k-th-smallest-element-removing-integers-natural-numbers/, ABCO Accolite Amazon Cisco Hike Microsoft Snapdeal VMWare Google Adobe,,,,,,,,,,,,,,,,,,,,,,,,,,,,,,,,,,,,,,,,,,,,,,,
Heaps & Hashing,,Find k closest elements to a given value,https://www.geeksforgeeks.org/find-k-closest-elements-given-value/, Amazon OYO Rooms,,,,,,,,,,,,,,,,,,,,,,,,,,,,,,,,,,,,,,,,,,,,,,,
Heaps & Hashing,,K’th largest element in a stream,https://www.geeksforgeeks.org/kth-largest-element-in-a-stream/, Amazon Cisco Hike OYO Rooms Walmart Microsoft Flipkart,,,,,,,,,,,,,,,,,,,,,,,,,,,,,,,,,,,,,,,,,,,,,,,
Heaps & Hashing,,Connect Ropes,https://www.geeksforgeeks.org/connect-n-ropes-minimum-cost/,Amazoon + Oyo + Goldman Sachs,,,,,,,,,,,,,,,,,,,,,,,,,,,,,,,,,,,,,,,,,,,,,,,
Heaps & Hashing,,Cuckoo Hashing,https://www.geeksforgeeks.org/cuckoo-hashing/,Amaxon,,,,,,,,,,,,,,,,,,,,,,,,,,,,,,,,,,,,,,,,,,,,,,,
Heaps & Hashing,,Itinerary from a List of Tickets,https://www.geeksforgeeks.org/find-itinerary-from-a-given-list-of-tickets/,Microsoft + Ola + eBay,,,,,,,,,,,,,,,,,,,,,,,,,,,,,,,,,,,,,,,,,,,,,,,
Heaps & Hashing,,Largest Subarray with 0 Sum,http://geeksforgeeks.org/find-the-largest-subarray-with-0-sum/, Amazon MakeMyTrip Microsoft,,,,,,,,,,,,,,,,,,,,,,,,,,,,,,,,,,,,,,,,,,,,,,,
Heaps & Hashing,,Count distinct elements in every window of size  k,https://www.geeksforgeeks.org/count-distinct-elements-in-every-window-of-size-k/, Accolite Amazon Microsoft,,,,,,,,,,,,,,,,,,,,,,,,,,,,,,,,,,,,,,,,,,,,,,,
Heaps & Hashing,,Group Shifted Strings,https://www.geeksforgeeks.org/group-shifted-string/, Oracle,,,,,,,,,,,,,,,,,,,,,,,,,,,,,,,,,,,,,,,,,,,,,,,
Heaps & Hashing,,Merge K Sorted lists,https://leetcode.com/problems/merge-k-sorted-lists/,Microsoft + Ola + eBay,,,,,,,,,,,,,,,,,,,,,,,,,,,,,,,,,,,,,,,,,,,,,,,
Heaps & Hashing,,Find Median from Data Stream,https://leetcode.com/problems/find-median-from-data-stream/, Adobe Amazon Apple Belzabar D-E-Shaw Facebook Flipkart Google Intuit Microsoft Morgan Stanley Ola Cabs Oracle Samsung SAP Labs Yahoo,,,,,,,,,,,,,,,,,,,,,,,,,,,,,,,,,,,,,,,,,,,,,,,
Heaps & Hashing,,Sliding Window Maximum,https://www.geeksforgeeks.org/sliding-window-maximum-maximum-of-all-subarrays-of-size-k/, Amazon Directi Flipkart Microsoft Google,,,,,,,,,,,,,,,,,,,,,,,,,,,,,,,,,,,,,,,,,,,,,,,
Heaps & Hashing,,Find the smallest positive number,https://www.geeksforgeeks.org/find-the-smallest-positive-number-missing-from-an-unsorted-array/, Accolite Amazon Samsung Snapdeal,,,,,,,,,,,,,,,,,,,,,,,,,,,,,,,,,,,,,,,,,,,,,,,
Heaps & Hashing,,Find Surpasser Count of each element in array,https://www.geeksforgeeks.org/find-surpasser-count-of-each-element-in-array/, Amazon Morgan Stanley Ola Cabs SAP Labs,,,,,,,,,,,,,,,,,,,,,,,,,,,,,,,,,,,,,,,,,,,,,,,
Heaps & Hashing,,Tournament Tree and Binary Heap,https://www.geeksforgeeks.org/tournament-tree-and-binary-heap/, Amazon Ola Cabs Samsung Synopsys Walmart Microsoft,,,,,,,,,,,,,,,,,,,,,,,,,,,,,,,,,,,,,,,,,,,,,,,
Heaps & Hashing,,Check for palindrome,https://www.geeksforgeeks.org/online-algorithm-for-checking-palindrome-in-a-stream/, Amazon Cisco D-E-Shaw Facebook FactSet Morgan Stanley Paytm Zoho,,,,,,,,,,,,,,,,,,,,,,,,,,,,,,,,,,,,,,,,,,,,,,,
Heaps & Hashing,,Length of the largest subarray with contiguous elements,https://www.geeksforgeeks.org/length-largest-subarray-contiguous-elements-set-2/, Amazon Intuit Microsoft,,,,,,,,,,,,,,,,,,,,,,,,,,,,,,,,,,,,,,,,,,,,,,,
Heaps & Hashing,,Palindrome Substring Queries,https://www.geeksforgeeks.org/palindrome-substring-queries/, Amazon Morgan Stanley Ola Cabs SAP Labs,,,,,,,,,,,,,,,,,,,,,,,,,,,,,,,,,,,,,,,,,,,,,,,
Heaps & Hashing,,Subarray distinct elements,https://www.geeksforgeeks.org/subarrays-distinct-elements/,Microsoft + Ola + eBay,,,,,,,,,,,,,,,,,,,,,,,,,,,,,,,,,,,,,,,,,,,,,,,
Heaps & Hashing,,Find the recurring function,https://www.geeksforgeeks.org/find-recurring-sequence-fraction/, MAQ Software,,,,,,,,,,,,,,,,,,,,,,,,,,,,,,,,,,,,,,,,,,,,,,,
Heaps & Hashing,,K maximum sum combinations from two arrays,https://www.geeksforgeeks.org/k-maximum-sum-combinations-two-arrays/, Amazon,,,,,,,,,,,,,,,,,,,,,,,,,,,,,,,,,,,,,,,,,,,,,,,
,,,,,,,,,,,,,,,,,,,,,,,,,,,,,,,,,,,,,,,,,,,,,,,,,,,
,,,,,,,,,,,,,,,,,,,,,,,,,,,,,,,,,,,,,,,,,,,,,,,,,,,
Graphs,,BFS,https://practice.geeksforgeeks.org/problems/bfs-traversal-of-graph/1,Samsung + Delhivery + SAP Labs,,,,,,,,,,,,,,,,,,,,,,,,,,,,,,,,,,,,,,,,,,,,,,,
Graphs,,DFS,https://www.geeksforgeeks.org/depth-first-search-or-dfs-for-a-graph/,Samsung + Intuit + Goldman Sachs,,,,,,,,,,,,,,,,,,,,,,,,,,,,,,,,,,,,,,,,,,,,,,,
Graphs,,Flood Fill Algorithm,https://leetcode.com/problems/flood-fill/,Google + Adobe + Apple,,,,,,,,,,,,,,,,,,,,,,,,,,,,,,,,,,,,,,,,,,,,,,,
Graphs,,Number of Triangles,https://www.geeksforgeeks.org/number-of-triangles-in-directed-and-undirected-graphs/,IBM,,,,,,,,,,,,,,,,,,,,,,,,,,,,,,,,,,,,,,,,,,,,,,,
Graphs,,Detect cycle in a graph,https://www.geeksforgeeks.org/detect-cycle-in-a-graph/,Lenksart,,,,,,,,,,,,,,,,,,,,,,,,,,,,,,,,,,,,,,,,,,,,,,,
Graphs,,Detect cycle in an undirected graph ,https://practice.geeksforgeeks.org/problems/detect-cycle-in-an-undirected-graph/1,Samsung,,,,,,,,,,,,,,,,,,,,,,,,,,,,,,,,,,,,,,,,,,,,,,,
Graphs,,Rat in a Maze Problem,https://practice.geeksforgeeks.org/problems/rat-in-a-maze-problem/1,Sharechat  + Directi,,,,,,,,,,,,,,,,,,,,,,,,,,,,,,,,,,,,,,,,,,,,,,,
Graphs,,Steps by Knight,https://practice.geeksforgeeks.org/problems/steps-by-knight5927/1,Samsung ,,,,,,,,,,,,,,,,,,,,,,,,,,,,,,,,,,,,,,,,,,,,,,,
Graphs,,Clone graph,https://leetcode.com/problems/clone-graph/,Google + MAQ Software + Apple + Facebook,,,,,,,,,,,,,,,,,,,,,,,,,,,,,,,,,,,,,,,,,,,,,,,
Graphs,,Number of Operations to Make Network Connected,https://leetcode.com/problems/number-of-operations-to-make-network-connected/,Samsung ,,,,,,,,,,,,,,,,,,,,,,,,,,,,,,,,,,,,,,,,,,,,,,,
Graphs,,Dijkstra’s shortest path algorithm,https://www.geeksforgeeks.org/dijkstras-shortest-path-algorithm-greedy-algo-7/,Amazon ,,,,,,,,,,,,,,,,,,,,,,,,,,,,,,,,,,,,,,,,,,,,,,,
Graphs,,Topological Sort,https://practice.geeksforgeeks.org/problems/topological-sort/1,Amazon + Google + Flipkart + Oyo + Fipkart + Samsung,,,,,,,,,,,,,,,,,,,,,,,,,,,,,,,,,,,,,,,,,,,,,,,
Graphs,,Oliver and the Game,https://www.hackerearth.com/practice/algorithms/graphs/topological-sort/practice-problems/algorithm/oliver-and-the-game-3/,Sharechat  + Directi,,,,,,,,,,,,,,,,,,,,,,,,,,,,,,,,,,,,,,,,,,,,,,,
Graphs,,Minimum time taken by each job to be completed given by a Directed Acyclic Graph,https://www.geeksforgeeks.org/minimum-time-taken-by-each-job-to-be-completed-given-by-a-directed-acyclic-graph/,Amazon,,,,,,,,,,,,,,,,,,,,,,,,,,,,,,,,,,,,,,,,,,,,,,,
Graphs,,Find whether it is possible to finish all tasks or not from given dependencies,https://www.geeksforgeeks.org/find-whether-it-is-possible-to-finish-all-tasks-or-not-from-given-dependencies/,Directi + Sharechat,,,,,,,,,,,,,,,,,,,,,,,,,,,,,,,,,,,,,,,,,,,,,,,
Graphs,,Find the number of islands,https://practice.geeksforgeeks.org/problems/find-the-number-of-islands/1,Razorpay,,,,,,,,,,,,,,,,,,,,,,,,,,,,,,,,,,,,,,,,,,,,,,,
Graphs,,Prim's Algo,https://www.geeksforgeeks.org/prims-minimum-spanning-tree-mst-greedy-algo-5/,Visa,,,,,,,,,,,,,,,,,,,,,,,,,,,,,,,,,,,,,,,,,,,,,,,
Graphs,, Negative Weighted Cycle,https://practice.geeksforgeeks.org/problems/negative-weight-cycle3504/1,Amazon,,,,,,,,,,,,,,,,,,,,,,,,,,,,,,,,,,,,,,,,,,,,,,,
Graphs,,Floyd Warshall,https://practice.geeksforgeeks.org/problems/implementing-floyd-warshall2042/1,Google + Uber,,,,,,,,,,,,,,,,,,,,,,,,,,,,,,,,,,,,,,,,,,,,,,,
Graphs,,Graph Coloring,https://www.geeksforgeeks.org/graph-coloring-applications/,Morgan Stanley,,,,,,,,,,,,,,,,,,,,,,,,,,,,,,,,,,,,,,,,,,,,,,,
Graphs,,Snakes and Ladders,https://leetcode.com/problems/snakes-and-ladders/,Goldman Sachs +Makemytrip,,,,,,,,,,,,,,,,,,,,,,,,,,,,,,,,,,,,,,,,,,,,,,,
Graphs,,Kosaraju's Theorem,https://practice.geeksforgeeks.org/problems/strongly-connected-components-kosarajus-algo/1,Paytm,,,,,,,,,,,,,,,,,,,,,,,,,,,,,,,,,,,,,,,,,,,,,,,
Graphs,,Journey to moon,https://www.hackerrank.com/challenges/journey-to-the-moon/problem,Lenksart + Payload,,,,,,,,,,,,,,,,,,,,,,,,,,,,,,,,,,,,,,,,,,,,,,,
Graphs,,Vertex Cover,https://www.geeksforgeeks.org/vertex-cover-problem-set-1-introduction-approximate-algorithm-2/,Intuit,,,,,,,,,,,,,,,,,,,,,,,,,,,,,,,,,,,,,,,,,,,,,,,
Graphs,,M Coloring Problem,https://practice.geeksforgeeks.org/problems/m-coloring-problem-1587115620/1,Uber,,,,,,,,,,,,,,,,,,,,,,,,,,,,,,,,,,,,,,,,,,,,,,,
Graphs,,Cheapest Flights Within K Stops,https://leetcode.com/problems/cheapest-flights-within-k-stops/description/,Uber + Paypal,,,,,,,,,,,,,,,,,,,,,,,,,,,,,,,,,,,,,,,,,,,,,,,
Graphs,,Find if there is a path of more than k length from a source,https://www.geeksforgeeks.org/find-if-there-is-a-path-of-more-than-k-length-from-a-source/,Cisco + Intuit,,,,,,,,,,,,,,,,,,,,,,,,,,,,,,,,,,,,,,,,,,,,,,,
Graphs,,Bellman Ford,https://www.geeksforgeeks.org/detect-negative-cycle-graph-bellman-ford/,Sharechat  + Directi,,,,,,,,,,,,,,,,,,,,,,,,,,,,,,,,,,,,,,,,,,,,,,,
Graphs,,Bipartitie Graph,https://www.geeksforgeeks.org/bipartite-graph/,Microsoft Flipkart,,,,,,,,,,,,,,,,,,,,,,,,,,,,,,,,,,,,,,,,,,,,,,,
Graphs,,Word-Ladder,https://leetcode.com/problems/word-ladder/,Microsoft,,,,,,,,,,,,,,,,,,,,,,,,,,,,,,,,,,,,,,,,,,,,,,,
Graphs,,Allen Dictionary,https://practice.geeksforgeeks.org/problems/alien-dictionary/1,Samsung,,,,,,,,,,,,,,,,,,,,,,,,,,,,,,,,,,,,,,,,,,,,,,,
Graphs,,Kruskals MST,https://www.geeksforgeeks.org/kruskals-minimum-spanning-tree-algorithm-greedy-algo-2/, Amazon Cisco Samsung,,Important,,,,,,,,,,,,,,,,,,,,,,,,,,,,,,,,,,,,,,,,,,,,,
Graphs,,Total number spanning trees graph,https://www.geeksforgeeks.org/total-number-spanning-trees-graph/, Amazon Cisco Samsung Microsoft Flipkart,,,,,,,,,,,,,,,,,,,,,,,,,,,,,,,,,,,,,,,,,,,,,,,
Graphs,,Travelling Salesman,https://www.geeksforgeeks.org/travelling-salesman-problem-set-1/,Google + Microsoft + Opera,,Important,,,,,,,,,,,,,,,,,,,,,,,,,,,,,,,,,,,,,,,,,,,,,
Graphs,,Find longest path directed acyclic graph ,https://www.geeksforgeeks.org/find-longest-path-directed-acyclic-graph/,Google,,,,,,,,,,,,,,,,,,,,,,,,,,,,,,,,,,,,,,,,,,,,,,,
Graphs,,Two Clique Problem,https://www.geeksforgeeks.org/two-clique-problem-check-graph-can-divided-two-cliques/,Microsoft,,,,,,,,,,,,,,,,,,,,,,,,,,,,,,,,,,,,,,,,,,,,,,,
Graphs,,Minimise the cash flow,https://www.geeksforgeeks.org/minimize-cash-flow-among-given-set-friends-borrowed-money/,Intuit + Uber,,,,,,,,,,,,,,,,,,,,,,,,,,,,,,,,,,,,,,,,,,,,,,,
Graphs,,Chinese postman,https://www.geeksforgeeks.org/chinese-postman-route-inspection-set-1-introduction/,Intuit,,,,,,,,,,,,,,,,,,,,,,,,,,,,,,,,,,,,,,,,,,,,,,,
Graphs,,Water Jug ,https://www.geeksforgeeks.org/water-jug-problem-using-bfs/,Intuit + Uber,,,,,,,,,,,,,,,,,,,,,,,,,,,,,,,,,,,,,,,,,,,,,,,
Graphs,,Water Jug 2,https://www.geeksforgeeks.org/water-jug-problem-using-bfs/, MakeMyTrip MAQ Software,,,,,,,,,,,,,,,,,,,,,,,,,,,,,,,,,,,,,,,,,,,,,,,
,,,,,,,,,,,,,,,,,,,,,,,,,,,,,,,,,,,,,,,,,,,,,,,,,,,
,,,,,,,,,,,,,,,,,,,,,,,,,,,,,,,,,,,,,,,,,,,,,,,,,,,
Tries,,Construct a trie from scratch,https://www.geeksforgeeks.org/trie-insert-and-search/, Accolite Amazon D-E-Shaw FactSet Microsoft,,,,,,,,,,,,,,,,,,,,,,,,,,,,,,,,,,,,,,,,,,,,,,,
Tries,,Print unique rows in a given boolean matrix,https://practice.geeksforgeeks.org/problems/unique-rows-in-boolean-matrix/1, Amazon Zoho,,,,,,,,,,,,,,,,,,,,,,,,,,,,,,,,,,,,,,,,,,,,,,,
Tries,,Word Break Problem | (Trie solution),https://www.geeksforgeeks.org/word-break-problem-trie-solution/, Amazon Google Hike IBM MAQ Software Microsoft Walmart Zoho,,,,,,,,,,,,,,,,,,,,,,,,,,,,,,,,,,,,,,,,,,,,,,,
Tries,,"Given a sequence of words, print all anagrams together",https://practice.geeksforgeeks.org/problems/k-anagrams-1/0, Amazon D-E-Shaw Goldman Sachs Morgan Stanley Snapdeal Microsoft,,,,,,,,,,,,,,,,,,,,,,,,,,,,,,,,,,,,,,,,,,,,,,,
Tries,,Find shortest unique prefix for every word in a given list,https://www.geeksforgeeks.org/find-all-shortest-unique-prefixes-to-represent-each-word-in-a-given-list/, Microsoft Google,,,,,,,,,,,,,,,,,,,,,,,,,,,,,,,,,,,,,,,,,,,,,,,
Tries,,Implement a Phone Directory,https://practice.geeksforgeeks.org/problems/phone-directory/0,Amazon + Microsoft + Snapdeal,,,,,,,,,,,,,,,,,,,,,,,,,,,,,,,,,,,,,,,,,,,,,,,
,,,,,,,,,,,,,,,,,,,,,,,,,,,,,,,,,,,,,,,,,,,,,,,,,,,
,,,,,,,,,,,,,,,,,,,,,,,,,,,,,,,,,,,,,,,,,,,,,,,,,,,
DP,,Knapsack with Duplicate Items,https://practice.geeksforgeeks.org/problems/knapsack-with-duplicate-items4201/1,Amazon,,,,,,,,,,,,,,,,,,,,,,,,,,,,,,,,,,,,,,,,,,,,,,,
DP,,BBT counter,https://practice.geeksforgeeks.org/problems/bbt-counter4914/1,Microsoft,,,,,,,,,,,,,,,,,,,,,,,,,,,,,,,,,,,,,,,,,,,,,,,
DP,,Reach a given score,https://practice.geeksforgeeks.org/problems/reach-a-given-score-1587115621/1,Samsung,,,,,,,,,,,,,,,,,,,,,,,,,,,,,,,,,,,,,,,,,,,,,,,
DP,,Maximum difference of zeros and ones in binary string,https://practice.geeksforgeeks.org/problems/maximum-difference-of-zeros-and-ones-in-binary-string4111/1,Ola,,,,,,,,,,,,,,,,,,,,,,,,,,,,,,,,,,,,,,,,,,,,,,,
DP,,Climbing Stairs,https://leetcode.com/problems/climbing-stairs/,Intuit,,,,,,,,,,,,,,,,,,,,,,,,,,,,,,,,,,,,,,,,,,,,,,,
DP,,Permutation Coefficient,https://www.geeksforgeeks.org/permutation-coefficient/,Amazon,,,,,,,,,,,,,,,,,,,,,,,,,,,,,,,,,,,,,,,,,,,,,,,
DP,,Longest Repeating Subsequence,https://practice.geeksforgeeks.org/problems/longest-repeating-subsequence2004/1,Google + Amazon,,,,,,,,,,,,,,,,,,,,,,,,,,,,,,,,,,,,,,,,,,,,,,,
DP,,Pairs with specific difference ,https://practice.geeksforgeeks.org/problems/pairs-with-specific-difference1533/1,Ola,,,,,,,,,,,,,,,,,,,,,,,,,,,,,,,,,,,,,,,,,,,,,,,
DP,,Longest subsequence-1 ,https://practice.geeksforgeeks.org/problems/longest-subsequence-such-that-difference-between-adjacents-is-one4724/1,Amazon,,,,,,,,,,,,,,,,,,,,,,,,,,,,,,,,,,,,,,,,,,,,,,,
DP,,Coin Change,https://leetcode.com/problems/coin-change/,Microsoft+ Samsung + Barclays + Apple + Adobe,,,,,,,,,,,,,,,,,,,,,,,,,,,,,,,,,,,,,,,,,,,,,,,
DP,,LIS,https://leetcode.com/problems/longest-increasing-subsequence/,Amazon + Google + Facebook + Fidelity International,,,,,,,,,,,,,,,,,,,,,,,,,,,,,,,,,,,,,,,,,,,,,,,
DP,,Longest Common Subsequence,https://leetcode.com/problems/longest-common-subsequence/,Siemens + Amazon + Google,,,,,,,,,,,,,,,,,,,,,,,,,,,,,,,,,,,,,,,,,,,,,,,
DP,,Word Break,https://leetcode.com/problems/word-break/,Amazon + Google + Microsoft + Walmart + Apple + IBM,,,,,,,,,,,,,,,,,,,,,,,,,,,,,,,,,,,,,,,,,,,,,,,
DP,,Combination Sum IV,https://leetcode.com/problems/combination-sum-iv/, Adobe Amazon Microsoft,,,,,,,,,,,,,,,,,,,,,,,,,,,,,,,,,,,,,,,,,,,,,,,
DP,,House Robber,https://leetcode.com/problems/house-robber/,Apple + Uber,,,,,,,,,,,,,,,,,,,,,,,,,,,,,,,,,,,,,,,,,,,,,,,
DP,,Houe Robber 2,https://leetcode.com/problems/house-robber-ii/, Arrays Dynamic Programming,,,,,,,,,,,,,,,,,,,,,,,,,,,,,,,,,,,,,,,,,,,,,,,
DP,,Decode Ways,https://leetcode.com/problems/decode-ways/,Adobe + Uber,,,,,,,,,,,,,,,,,,,,,,,,,,,,,,,,,,,,,,,,,,,,,,,
DP,,Unique Paths,https://leetcode.com/problems/unique-paths/,Google + Microsoft,,,,,,,,,,,,,,,,,,,,,,,,,,,,,,,,,,,,,,,,,,,,,,,
DP,,Jumps Game,https://leetcode.com/problems/jump-game/, Facebook Amazon Microsoft Google,,,,,,,,,,,,,,,,,,,,,,,,,,,,,,,,,,,,,,,,,,,,,,,
DP,,Knapsack Problem,https://practice.geeksforgeeks.org/problems/0-1-knapsack-problem0945/1, Amazon Directi Flipkart GreyOrange Microsoft Mobicip Morgan Stanley Oracle Payu Snapdeal Visa,,,,,,,,,,,,,,,,,,,,,,,,,,,,,,,,,,,,,,,,,,,,,,,
DP,,nCr,https://practice.geeksforgeeks.org/problems/ncr1019/1,Google,,,,,,,,,,,,,,,,,,,,,,,,,,,,,,,,,,,,,,,,,,,,,,,
DP,,Catalan Number,https://www.geeksforgeeks.org/program-nth-catalan-number/,Amazon + Google,,,,,,,,,,,,,,,,,,,,,,,,,,,,,,,,,,,,,,,,,,,,,,,
DP,,Edit Distance,https://practice.geeksforgeeks.org/problems/edit-distance3702/1,Google + Goldman Sachs + Citrix,,,,,,,,,,,,,,,,,,,,,,,,,,,,,,,,,,,,,,,,,,,,,,,
DP,,Subset Sum ,https://practice.geeksforgeeks.org/problems/subset-sum-problem2014/1,Amazon + Google,,,,,,,,,,,,,,,,,,,,,,,,,,,,,,,,,,,,,,,,,,,,,,,
DP,,Gold mine,https://www.geeksforgeeks.org/gold-mine-problem/,Samsung,,,,,,,,,,,,,,,,,,,,,,,,,,,,,,,,,,,,,,,,,,,,,,,
DP,,Assembly Line Scheduling,https://www.geeksforgeeks.org/assembly-line-scheduling-dp-34/,Goldman Sachs,,,,,,,,,,,,,,,,,,,,,,,,,,,,,,,,,,,,,,,,,,,,,,,
DP,,Maximize The Cut Segments,https://practice.geeksforgeeks.org/problems/cutted-segments1642/1, Amazon OYO Rooms Microsoft,,,,,,,,,,,,,,,,,,,,,,,,,,,,,,,,,,,,,,,,,,,,,,,
DP,,Maximum sum increasing subsequence ,https://practice.geeksforgeeks.org/problems/maximum-sum-increasing-subsequence4749/1, Amazon Morgan Stanley Microsoft,,,,,,,,,,,,,,,,,,,,,,,,,,,,,,,,,,,,,,,,,,,,,,,
DP,,Count all subsequences having product less than K,https://www.geeksforgeeks.org/count-subsequences-product-less-k/, Goldman Sachs,,,,,,,,,,,,,,,,,,,,,,,,,,,,,,,,,,,,,,,,,,,,,,,
DP,,Maximum sum increasing subsequence,https://www.geeksforgeeks.org/maximum-subsequence-sum-such-that-no-three-are-consecutive/, Amazon Morgan Stanley Microsoft,,,,,,,,,,,,,,,,,,,,,,,,,,,,,,,,,,,,,,,,,,,,,,,
DP,,Egg dropping puzzle,https://practice.geeksforgeeks.org/problems/egg-dropping-puzzle-1587115620/1, Amazon D-E-Shaw Goldman Sachs Google Hike MakeMyTrip MAQ Software Myntra Nearbuy Opera Oracle Philips Samsung Service Now Unisys VMWare Microsoft,,,,,,,,,,,,,,,,,,,,,,,,,,,,,,,,,,,,,,,,,,,,,,,
DP,,Max length chain,https://practice.geeksforgeeks.org/problems/max-length-chain/1, Amazon Microsoft,,,,,,,,,,,,,,,,,,,,,,,,,,,,,,,,,,,,,,,,,,,,,,,
DP,,Largest Square in Matrix,https://practice.geeksforgeeks.org/problems/largest-square-formed-in-a-matrix0806/1, Amazon Samsung,,,,,,,,,,,,,,,,,,,,,,,,,,,,,,,,,,,,,,,,,,,,,,,
DP,,Maximum Path Sum,https://practice.geeksforgeeks.org/problems/path-in-matrix3805/1,Amazon + Microsoft + Oyo + Directi,,,,,,,,,,,,,,,,,,,,,,,,,,,,,,,,,,,,,,,,,,,,,,,
DP,,Minimum Number of Jumps,https://practice.geeksforgeeks.org/problems/minimum-number-of-jumps-1587115620/1, Adobe Amazon Housing.com Moonfrog Labs Walmart Microsoft Google Flipkart,,,,,,,,,,,,,,,,,,,,,,,,,,,,,,,,,,,,,,,,,,,,,,,
DP,,Minimum removals from array to make max – min <= K,http://geeksforgeeks.org/minimum-removals-array-make-max-min-k/, Amazon,,,,,,,,,,,,,,,,,,,,,,,,,,,,,,,,,,,,,,,,,,,,,,,
DP,,Longest Common Substring,https://practice.geeksforgeeks.org/problems/longest-common-substring1452/1,Webarch Club,,,,,,,,,,,,,,,,,,,,,,,,,,,,,,,,,,,,,,,,,,,,,,,
DP,,Partition Equal Subset Sum,https://practice.geeksforgeeks.org/problems/subset-sum-problem2014/1,Amazon + Accolite + Traveloca + Adobe,,,,,,,,,,,,,,,,,,,,,,,,,,,,,,,,,,,,,,,,,,,,,,,
DP,,Longest Palindromic Subsequnce,https://www.geeksforgeeks.org/longest-palindromic-subsequence-dp-12/, Amazon Google,,,,,,,,,,,,,,,,,,,,,,,,,,,,,,,,,,,,,,,,,,,,,,,
DP,,Count Palindromic Subsequences,https://practice.geeksforgeeks.org/problems/count-palindromic-subsequences/1,Myntra ,,,,,,,,,,,,,,,,,,,,,,,,,,,,,,,,,,,,,,,,,,,,,,,
DP,,Longest Palindromic Substring,https://leetcode.com/problems/longest-palindromic-substring/,Amazon + Microsoft + Samsung + Visa,,,,,,,,,,,,,,,,,,,,,,,,,,,,,,,,,,,,,,,,,,,,,,,
DP,,Longest Alternating Sequence,https://practice.geeksforgeeks.org/problems/longest-alternating-subsequence5951/1,Ola,,,,,,,,,,,,,,,,,,,,,,,,,,,,,,,,,,,,,,,,,,,,,,,
DP,,Weighted Job Scheduling,https://www.geeksforgeeks.org/weighted-job-scheduling/,Intuit,,,,,,,,,,,,,,,,,,,,,,,,,,,,,,,,,,,,,,,,,,,,,,,
DP,,Coin Game,https://www.geeksforgeeks.org/coin-game-winner-every-player-three-choices/,Salesforce,,,,,,,,,,,,,,,,,,,,,,,,,,,,,,,,,,,,,,,,,,,,,,,
DP,,Coin Game Winner,https://www.geeksforgeeks.org/count-derangements-permutation-such-that-no-element-appears-in-its-original-position/,Ola,,,,,,,,,,,,,,,,,,,,,,,,,,,,,,,,,,,,,,,,,,,,,,,
DP,,Optimal Strategy for a game,https://practice.geeksforgeeks.org/problems/optimal-strategy-for-a-game-1587115620/1,Google + IBM,,,,,,,,,,,,,,,,,,,,,,,,,,,,,,,,,,,,,,,,,,,,,,,
DP,,Word Wrap,https://practice.geeksforgeeks.org/problems/word-wrap1646/1,Microsoft,,,,,,,,,,,,,,,,,,,,,,,,,,,,,,,,,,,,,,,,,,,,,,,
DP,,Mobile numeric keypad ,https://practice.geeksforgeeks.org/problems/mobile-numeric-keypad5456/1, Amazon Microsoft,,,,,,,,,,,,,,,,,,,,,,,,,,,,,,,,,,,,,,,,,,,,,,,
DP,,Maximum Length of Pair Chain,https://leetcode.com/problems/maximum-length-of-pair-chain/, Amazon Microsoft,,,,,,,,,,,,,,,,,,,,,,,,,,,,,,,,,,,,,,,,,,,,,,,
DP,,Matrix Chain Multiplication,https://www.geeksforgeeks.org/matrix-chain-multiplication-dp-8/,Walmart + Flipkart,,,,,,,,,,,,,,,,,,,,,,,,,,,,,,,,,,,,,,,,,,,,,,,
DP,,Maximum profit by buying and selling a share at most twice,https://www.geeksforgeeks.org/maximum-profit-by-buying-and-selling-a-share-at-most-twice/, Accolite Amazon Microsoft,,,,,,,,,,,,,,,,,,,,,,,,,,,,,,,,,,,,,,,,,,,,,,,
DP,,Optimal BST,https://www.geeksforgeeks.org/optimal-binary-search-tree-dp-24/,Google,,,,,,,,,,,,,,,,,,,,,,,,,,,,,,,,,,,,,,,,,,,,,,,
DP,,Largest Submatrix with sum 0,https://www.geeksforgeeks.org/largest-rectangular-sub-matrix-whose-sum-0/, Amazon MakeMyTrip Microsoft,,,,,,,,,,,,,,,,,,,,,,,,,,,,,,,,,,,,,,,,,,,,,,,
DP,,Largest area rectangular sub-matrix with equal number of 1’s and 0’s,https://www.geeksforgeeks.org/largest-area-rectangular-sub-matrix-equal-number-1s-0s/, Amazon Directi Intuit MakeMyTrip Microsoft Samsung Google Flipkart,,,,,,,,,,,,,,,,,,,,,,,,,,,,,,,,,,,,,,,,,,,,,,,
,,,,,,,,,,,,,,,,,,,,,,,,,,,,,,,,,,,,,,,,,,,,,,,,,,,
,,,,,,,,,,,,,,,,,,,,,,,,,,,,,,,,,,,,,,,,,,,,,,,,,,,
Bit Manipulation,,Count set bits in an integer,https://practice.geeksforgeeks.org/problems/set-bits0143/1,Adobe Apple,,,,,,,,,,,,,,,,,,,,,,,,,,,,,,,,,,,,,,,,,,,,,,,
Bit Manipulation,,Find the two non-repeating elements in an array of repeating elements,https://practice.geeksforgeeks.org/problems/finding-the-numbers0215/1,Accolite Amazon FactSet Google MakeMyTrip Microsoft Qualcomm Samsung,,,,,,,,,,,,,,,,,,,,,,,,,,,,,,,,,,,,,,,,,,,,,,,
Bit Manipulation,,Program to find whether a no is power of two,https://practice.geeksforgeeks.org/problems/power-of-2/0,Adobe,,,,,,,,,,,,,,,,,,,,,,,,,,,,,,,,,,,,,,,,,,,,,,,
Bit Manipulation,,Find position of the only set bit,https://practice.geeksforgeeks.org/problems/find-position-of-set-bit3706/1,Microsoft,,,,,,,,,,,,,,,,,,,,,,,,,,,,,,,,,,,,,,,,,,,,,,,
Bit Manipulation,,Count number of bits to be flipped to convert A to B,https://practice.geeksforgeeks.org/problems/bit-difference/0,Maq Software,,,,,,,,,,,,,,,,,,,,,,,,,,,,,,,,,,,,,,,,,,,,,,,
Bit Manipulation,,Count total set bits in all numbers from 1 to n,https://practice.geeksforgeeks.org/problems/count-total-set-bits/0,Microsoft,,,,,,,,,,,,,,,,,,,,,,,,,,,,,,,,,,,,,,,,,,,,,,,
Bit Manipulation,,Copy set bits in a range,https://www.geeksforgeeks.org/copy-set-bits-in-a-range/,Facebook,,,,,,,,,,,,,,,,,,,,,,,,,,,,,,,,,,,,,,,,,,,,,,,
Bit Manipulation,,"Calculate square of a number without using *, / and pow()",https://www.geeksforgeeks.org/calculate-square-of-a-number-without-using-and-pow/,Amazon,,,,,,,,,,,,,,,,,,,,,,,,,,,,,,,,,,,,,,,,,,,,,,,
Bit Manipulation,,"Divide two integers without using multiplication, division and mod operator",https://www.geeksforgeeks.org/divide-two-integers-without-using-multiplication-division-mod-operator/,Microsoft,,,,,,,,,,,,,,,,,,,,,,,,,,,,,,,,,,,,,,,,,,,,,,,
Bit Manipulation,,Power Set,https://practice.geeksforgeeks.org/problems/power-set4302/1,Google + Adobe + Paytm,,,,,,,,,,,,,,,,,,,,,,,,,,,,,,,,,,,,,,,,,,,,,,,
,,,,,,,,,,,,,,,,,,,,,,,,,,,,,,,,,,,,,,,,,,,,,,,,,,,
,,,,,,,,,,,,,,,,,,,,,,,,,,,,,,,,,,,,,,,,,,,,,,,,,,,
Segment Trees,,Range Sum Query - Immutable,https://leetcode.com/problems/range-sum-query-immutable/,,,,,,,,,,,,,,,,,,,,,,,,,,,,,,,,,,,,,,,,,,,,,,,,
Segment Trees,,Range Minimum Query,https://cp-algorithms.com/sequences/rmq.html,Google Interview Qs,,,,,,,,,,,,,,,,,,,,,,,,,,,,,,,,,,,,,,,,,,,,,,,
Segment Trees,,Range Sum Query - Mutable,https://leetcode.com/problems/range-sum-query-mutable/,Alibaba,,,,,,,,,,,,,,,,,,,,,,,,,,,,,,,,,,,,,,,,,,,,,,,
Segment Trees,,Create Sorted Array through Instructions,https://leetcode.com/problems/create-sorted-array-through-instructions/,Samsung + Accolite,,,,,,,,,,,,,,,,,,,,,,,,,,,,,,,,,,,,,,,,,,,,,,,
Segment Trees,,Count of Range Sum,https://leetcode.com/problems/count-of-range-sum/,Walmart,,,,,,,,,,,,,,,,,,,,,,,,,,,,,,,,,,,,,,,,,,,,,,,
Segment Trees,,Count of Smaller Numbers After Self,https://leetcode.com/problems/count-of-smaller-numbers-after-self/,Codenation Google,,,,,,,,,,,,,,,,,,,,,,,,,,,,,,,,,,,,,,,,,,,,,,,
,,,,,,,,,,,,,,,,,,,,,,,,,,,,,,,,,,,,,,,,,,,,,,,,,,,
,,,,,,,,,,,,,,,,,,,,,,,,,,,,,,,,,,,,,,,,,,,,,,,,,,,
,,,,,,,,,,,,,,,,,,,,,,,,,,,,,,,,,,,,,,,,,,,,,,,,,,,
,,,,,,,,,,,,,,,,,,,,,,,,,,,,,,,,,,,,,,,,,,,,,,,,,,,
,,,,,,,,,,,,,,,,,,,,,,,,,,,,,,,,,,,,,,,,,,,,,,,,,,,
,,,,,,,,,,,,,,,,,,,,,,,,,,,,,,,,,,,,,,,,,,,,,,,,,,,
,,,,,,,,,,,,,,,,,,,,,,,,,,,,,,,,,,,,,,,,,,,,,,,,,,,
,,,,,,,,,,,,,,,,,,,,,,,,,,,,,,,,,,,,,,,,,,,,,,,,,,,
,,,,,,,,,,,,,,,,,,,,,,,,,,,,,,,,,,,,,,,,,,,,,,,,,,,
,,,,,,,,,,,,,,,,,,,,,,,,,,,,,,,,,,,,,,,,,,,,,,,,,,,
,,,,,,,,,,,,,,,,,,,,,,,,,,,,,,,,,,,,,,,,,,,,,,,,,,,
,,,,,,,,,,,,,,,,,,,,,,,,,,,,,,,,,,,,,,,,,,,,,,,,,,,
,,,,,,,,,,,,,,,,,,,,,,,,,,,,,,,,,,,,,,,,,,,,,,,,,,,
,,,,,,,,,,,,,,,,,,,,,,,,,,,,,,,,,,,,,,,,,,,,,,,,,,,
,,,,,,,,,,,,,,,,,,,,,,,,,,,,,,,,,,,,,,,,,,,,,,,,,,,
,,,,,,,,,,,,,,,,,,,,,,,,,,,,,,,,,,,,,,,,,,,,,,,,,,,
,,,,,,,,,,,,,,,,,,,,,,,,,,,,,,,,,,,,,,,,,,,,,,,,,,,
,,,,,,,,,,,,,,,,,,,,,,,,,,,,,,,,,,,,,,,,,,,,,,,,,,,
,,,,,,,,,,,,,,,,,,,,,,,,,,,,,,,,,,,,,,,,,,,,,,,,,,,
,,,,,,,,,,,,,,,,,,,,,,,,,,,,,,,,,,,,,,,,,,,,,,,,,,,
,,,,,,,,,,,,,,,,,,,,,,,,,,,,,,,,,,,,,,,,,,,,,,,,,,,
,,,,,,,,,,,,,,,,,,,,,,,,,,,,,,,,,,,,,,,,,,,,,,,,,,,
,,,,,,,,,,,,,,,,,,,,,,,,,,,,,,,,,,,,,,,,,,,,,,,,,,,
,,,,,,,,,,,,,,,,,,,,,,,,,,,,,,,,,,,,,,,,,,,,,,,,,,,
,,,,,,,,,,,,,,,,,,,,,,,,,,,,,,,,,,,,,,,,,,,,,,,,,,,
,,,,,,,,,,,,,,,,,,,,,,,,,,,,,,,,,,,,,,,,,,,,,,,,,,,
,,,,,,,,,,,,,,,,,,,,,,,,,,,,,,,,,,,,,,,,,,,,,,,,,,,
,,,,,,,,,,,,,,,,,,,,,,,,,,,,,,,,,,,,,,,,,,,,,,,,,,,
,,,,,,,,,,,,,,,,,,,,,,,,,,,,,,,,,,,,,,,,,,,,,,,,,,,
,,,,,,,,,,,,,,,,,,,,,,,,,,,,,,,,,,,,,,,,,,,,,,,,,,,
,,,,,,,,,,,,,,,,,,,,,,,,,,,,,,,,,,,,,,,,,,,,,,,,,,,
,,,,,,,,,,,,,,,,,,,,,,,,,,,,,,,,,,,,,,,,,,,,,,,,,,,
,,,,,,,,,,,,,,,,,,,,,,,,,,,,,,,,,,,,,,,,,,,,,,,,,,,
,,,,,,,,,,,,,,,,,,,,,,,,,,,,,,,,,,,,,,,,,,,,,,,,,,,
,,,,,,,,,,,,,,,,,,,,,,,,,,,,,,,,,,,,,,,,,,,,,,,,,,,
,,,,,,,,,,,,,,,,,,,,,,,,,,,,,,,,,,,,,,,,,,,,,,,,,,,
,,,,,,,,,,,,,,,,,,,,,,,,,,,,,,,,,,,,,,,,,,,,,,,,,,,
,,,,,,,,,,,,,,,,,,,,,,,,,,,,,,,,,,,,,,,,,,,,,,,,,,,
,,,,,,,,,,,,,,,,,,,,,,,,,,,,,,,,,,,,,,,,,,,,,,,,,,,
,,,,,,,,,,,,,,,,,,,,,,,,,,,,,,,,,,,,,,,,,,,,,,,,,,,
,,,,,,,,,,,,,,,,,,,,,,,,,,,,,,,,,,,,,,,,,,,,,,,,,,,
,,,,,,,,,,,,,,,,,,,,,,,,,,,,,,,,,,,,,,,,,,,,,,,,,,,
,,,,,,,,,,,,,,,,,,,,,,,,,,,,,,,,,,,,,,,,,,,,,,,,,,,
,,,,,,,,,,,,,,,,,,,,,,,,,,,,,,,,,,,,,,,,,,,,,,,,,,,
,,,,,,,,,,,,,,,,,,,,,,,,,,,,,,,,,,,,,,,,,,,,,,,,,,,
,,,,,,,,,,,,,,,,,,,,,,,,,,,,,,,,,,,,,,,,,,,,,,,,,,,
,,,,,,,,,,,,,,,,,,,,,,,,,,,,,,,,,,,,,,,,,,,,,,,,,,,
,,,,,,,,,,,,,,,,,,,,,,,,,,,,,,,,,,,,,,,,,,,,,,,,,,,
,,,,,,,,,,,,,,,,,,,,,,,,,,,,,,,,,,,,,,,,,,,,,,,,,,,
,,,,,,,,,,,,,,,,,,,,,,,,,,,,,,,,,,,,,,,,,,,,,,,,,,,
,,,,,,,,,,,,,,,,,,,,,,,,,,,,,,,,,,,,,,,,,,,,,,,,,,,
,,,,,,,,,,,,,,,,,,,,,,,,,,,,,,,,,,,,,,,,,,,,,,,,,,,
,,,,,,,,,,,,,,,,,,,,,,,,,,,,,,,,,,,,,,,,,,,,,,,,,,,
,,,,,,,,,,,,,,,,,,,,,,,,,,,,,,,,,,,,,,,,,,,,,,,,,,,
,,,,,,,,,,,,,,,,,,,,,,,,,,,,,,,,,,,,,,,,,,,,,,,,,,,
,,,,,,,,,,,,,,,,,,,,,,,,,,,,,,,,,,,,,,,,,,,,,,,,,,,
,,,,,,,,,,,,,,,,,,,,,,,,,,,,,,,,,,,,,,,,,,,,,,,,,,,
,,,,,,,,,,,,,,,,,,,,,,,,,,,,,,,,,,,,,,,,,,,,,,,,,,,
,,,,,,,,,,,,,,,,,,,,,,,,,,,,,,,,,,,,,,,,,,,,,,,,,,,
,,,,,,,,,,,,,,,,,,,,,,,,,,,,,,,,,,,,,,,,,,,,,,,,,,,
,,,,,,,,,,,,,,,,,,,,,,,,,,,,,,,,,,,,,,,,,,,,,,,,,,,
,,,,,,,,,,,,,,,,,,,,,,,,,,,,,,,,,,,,,,,,,,,,,,,,,,,
,,,,,,,,,,,,,,,,,,,,,,,,,,,,,,,,,,,,,,,,,,,,,,,,,,,
,,,,,,,,,,,,,,,,,,,,,,,,,,,,,,,,,,,,,,,,,,,,,,,,,,,
,,,,,,,,,,,,,,,,,,,,,,,,,,,,,,,,,,,,,,,,,,,,,,,,,,,
,,,,,,,,,,,,,,,,,,,,,,,,,,,,,,,,,,,,,,,,,,,,,,,,,,,
,,,,,,,,,,,,,,,,,,,,,,,,,,,,,,,,,,,,,,,,,,,,,,,,,,,
,,,,,,,,,,,,,,,,,,,,,,,,,,,,,,,,,,,,,,,,,,,,,,,,,,,
,,,,,,,,,,,,,,,,,,,,,,,,,,,,,,,,,,,,,,,,,,,,,,,,,,,
,,,,,,,,,,,,,,,,,,,,,,,,,,,,,,,,,,,,,,,,,,,,,,,,,,,
,,,,,,,,,,,,,,,,,,,,,,,,,,,,,,,,,,,,,,,,,,,,,,,,,,,
,,,,,,,,,,,,,,,,,,,,,,,,,,,,,,,,,,,,,,,,,,,,,,,,,,,
,,,,,,,,,,,,,,,,,,,,,,,,,,,,,,,,,,,,,,,,,,,,,,,,,,,
,,,,,,,,,,,,,,,,,,,,,,,,,,,,,,,,,,,,,,,,,,,,,,,,,,,
,,,,,,,,,,,,,,,,,,,,,,,,,,,,,,,,,,,,,,,,,,,,,,,,,,,
,,,,,,,,,,,,,,,,,,,,,,,,,,,,,,,,,,,,,,,,,,,,,,,,,,,
,,,,,,,,,,,,,,,,,,,,,,,,,,,,,,,,,,,,,,,,,,,,,,,,,,,
,,,,,,,,,,,,,,,,,,,,,,,,,,,,,,,,,,,,,,,,,,,,,,,,,,,
,,,,,,,,,,,,,,,,,,,,,,,,,,,,,,,,,,,,,,,,,,,,,,,,,,,
,,,,,,,,,,,,,,,,,,,,,,,,,,,,,,,,,,,,,,,,,,,,,,,,,,,
,,,,,,,,,,,,,,,,,,,,,,,,,,,,,,,,,,,,,,,,,,,,,,,,,,,
,,,,,,,,,,,,,,,,,,,,,,,,,,,,,,,,,,,,,,,,,,,,,,,,,,,
,,,,,,,,,,,,,,,,,,,,,,,,,,,,,,,,,,,,,,,,,,,,,,,,,,,
,,,,,,,,,,,,,,,,,,,,,,,,,,,,,,,,,,,,,,,,,,,,,,,,,,,
,,,,,,,,,,,,,,,,,,,,,,,,,,,,,,,,,,,,,,,,,,,,,,,,,,,
,,,,,,,,,,,,,,,,,,,,,,,,,,,,,,,,,,,,,,,,,,,,,,,,,,,
,,,,,,,,,,,,,,,,,,,,,,,,,,,,,,,,,,,,,,,,,,,,,,,,,,,
,,,,,,,,,,,,,,,,,,,,,,,,,,,,,,,,,,,,,,,,,,,,,,,,,,,
,,,,,,,,,,,,,,,,,,,,,,,,,,,,,,,,,,,,,,,,,,,,,,,,,,,
,,,,,,,,,,,,,,,,,,,,,,,,,,,,,,,,,,,,,,,,,,,,,,,,,,,
,,,,,,,,,,,,,,,,,,,,,,,,,,,,,,,,,,,,,,,,,,,,,,,,,,,
,,,,,,,,,,,,,,,,,,,,,,,,,,,,,,,,,,,,,,,,,,,,,,,,,,,
,,,,,,,,,,,,,,,,,,,,,,,,,,,,,,,,,,,,,,,,,,,,,,,,,,,
,,,,,,,,,,,,,,,,,,,,,,,,,,,,,,,,,,,,,,,,,,,,,,,,,,,
,,,,,,,,,,,,,,,,,,,,,,,,,,,,,,,,,,,,,,,,,,,,,,,,,,,
,,,,,,,,,,,,,,,,,,,,,,,,,,,,,,,,,,,,,,,,,,,,,,,,,,,
,,,,,,,,,,,,,,,,,,,,,,,,,,,,,,,,,,,,,,,,,,,,,,,,,,,
,,,,,,,,,,,,,,,,,,,,,,,,,,,,,,,,,,,,,,,,,,,,,,,,,,,
,,,,,,,,,,,,,,,,,,,,,,,,,,,,,,,,,,,,,,,,,,,,,,,,,,,
,,,,,,,,,,,,,,,,,,,,,,,,,,,,,,,,,,,,,,,,,,,,,,,,,,,
,,,,,,,,,,,,,,,,,,,,,,,,,,,,,,,,,,,,,,,,,,,,,,,,,,,
,,,,,,,,,,,,,,,,,,,,,,,,,,,,,,,,,,,,,,,,,,,,,,,,,,,
,,,,,,,,,,,,,,,,,,,,,,,,,,,,,,,,,,,,,,,,,,,,,,,,,,,
,,,,,,,,,,,,,,,,,,,,,,,,,,,,,,,,,,,,,,,,,,,,,,,,,,,
,,,,,,,,,,,,,,,,,,,,,,,,,,,,,,,,,,,,,,,,,,,,,,,,,,,
,,,,,,,,,,,,,,,,,,,,,,,,,,,,,,,,,,,,,,,,,,,,,,,,,,,
,,,,,,,,,,,,,,,,,,,,,,,,,,,,,,,,,,,,,,,,,,,,,,,,,,,
,,,,,,,,,,,,,,,,,,,,,,,,,,,,,,,,,,,,,,,,,,,,,,,,,,,
,,,,,,,,,,,,,,,,,,,,,,,,,,,,,,,,,,,,,,,,,,,,,,,,,,,
,,,,,,,,,,,,,,,,,,,,,,,,,,,,,,,,,,,,,,,,,,,,,,,,,,,
,,,,,,,,,,,,,,,,,,,,,,,,,,,,,,,,,,,,,,,,,,,,,,,,,,,
,,,,,,,,,,,,,,,,,,,,,,,,,,,,,,,,,,,,,,,,,,,,,,,,,,,
,,,,,,,,,,,,,,,,,,,,,,,,,,,,,,,,,,,,,,,,,,,,,,,,,,,
,,,,,,,,,,,,,,,,,,,,,,,,,,,,,,,,,,,,,,,,,,,,,,,,,,,
,,,,,,,,,,,,,,,,,,,,,,,,,,,,,,,,,,,,,,,,,,,,,,,,,,,
,,,,,,,,,,,,,,,,,,,,,,,,,,,,,,,,,,,,,,,,,,,,,,,,,,,
,,,,,,,,,,,,,,,,,,,,,,,,,,,,,,,,,,,,,,,,,,,,,,,,,,,
,,,,,,,,,,,,,,,,,,,,,,,,,,,,,,,,,,,,,,,,,,,,,,,,,,,
,,,,,,,,,,,,,,,,,,,,,,,,,,,,,,,,,,,,,,,,,,,,,,,,,,,
,,,,,,,,,,,,,,,,,,,,,,,,,,,,,,,,,,,,,,,,,,,,,,,,,,,
,,,,,,,,,,,,,,,,,,,,,,,,,,,,,,,,,,,,,,,,,,,,,,,,,,,
,,,,,,,,,,,,,,,,,,,,,,,,,,,,,,,,,,,,,,,,,,,,,,,,,,,
,,,,,,,,,,,,,,,,,,,,,,,,,,,,,,,,,,,,,,,,,,,,,,,,,,,
,,,,,,,,,,,,,,,,,,,,,,,,,,,,,,,,,,,,,,,,,,,,,,,,,,,
,,,,,,,,,,,,,,,,,,,,,,,,,,,,,,,,,,,,,,,,,,,,,,,,,,,
,,,,,,,,,,,,,,,,,,,,,,,,,,,,,,,,,,,,,,,,,,,,,,,,,,,
,,,,,,,,,,,,,,,,,,,,,,,,,,,,,,,,,,,,,,,,,,,,,,,,,,,
,,,,,,,,,,,,,,,,,,,,,,,,,,,,,,,,,,,,,,,,,,,,,,,,,,,
,,,,,,,,,,,,,,,,,,,,,,,,,,,,,,,,,,,,,,,,,,,,,,,,,,,
,,,,,,,,,,,,,,,,,,,,,,,,,,,,,,,,,,,,,,,,,,,,,,,,,,,
,,,,,,,,,,,,,,,,,,,,,,,,,,,,,,,,,,,,,,,,,,,,,,,,,,,
,,,,,,,,,,,,,,,,,,,,,,,,,,,,,,,,,,,,,,,,,,,,,,,,,,,
,,,,,,,,,,,,,,,,,,,,,,,,,,,,,,,,,,,,,,,,,,,,,,,,,,,
,,,,,,,,,,,,,,,,,,,,,,,,,,,,,,,,,,,,,,,,,,,,,,,,,,,
,,,,,,,,,,,,,,,,,,,,,,,,,,,,,,,,,,,,,,,,,,,,,,,,,,,
,,,,,,,,,,,,,,,,,,,,,,,,,,,,,,,,,,,,,,,,,,,,,,,,,,,
,,,,,,,,,,,,,,,,,,,,,,,,,,,,,,,,,,,,,,,,,,,,,,,,,,,
,,,,,,,,,,,,,,,,,,,,,,,,,,,,,,,,,,,,,,,,,,,,,,,,,,,
,,,,,,,,,,,,,,,,,,,,,,,,,,,,,,,,,,,,,,,,,,,,,,,,,,,
,,,,,,,,,,,,,,,,,,,,,,,,,,,,,,,,,,,,,,,,,,,,,,,,,,,
,,,,,,,,,,,,,,,,,,,,,,,,,,,,,,,,,,,,,,,,,,,,,,,,,,,
,,,,,,,,,,,,,,,,,,,,,,,,,,,,,,,,,,,,,,,,,,,,,,,,,,,
,,,,,,,,,,,,,,,,,,,,,,,,,,,,,,,,,,,,,,,,,,,,,,,,,,,
,,,,,,,,,,,,,,,,,,,,,,,,,,,,,,,,,,,,,,,,,,,,,,,,,,,
,,,,,,,,,,,,,,,,,,,,,,,,,,,,,,,,,,,,,,,,,,,,,,,,,,,
,,,,,,,,,,,,,,,,,,,,,,,,,,,,,,,,,,,,,,,,,,,,,,,,,,,
,,,,,,,,,,,,,,,,,,,,,,,,,,,,,,,,,,,,,,,,,,,,,,,,,,,
,,,,,,,,,,,,,,,,,,,,,,,,,,,,,,,,,,,,,,,,,,,,,,,,,,,
,,,,,,,,,,,,,,,,,,,,,,,,,,,,,,,,,,,,,,,,,,,,,,,,,,,
,,,,,,,,,,,,,,,,,,,,,,,,,,,,,,,,,,,,,,,,,,,,,,,,,,,
,,,,,,,,,,,,,,,,,,,,,,,,,,,,,,,,,,,,,,,,,,,,,,,,,,,
,,,,,,,,,,,,,,,,,,,,,,,,,,,,,,,,,,,,,,,,,,,,,,,,,,,
,,,,,,,,,,,,,,,,,,,,,,,,,,,,,,,,,,,,,,,,,,,,,,,,,,,
,,,,,,,,,,,,,,,,,,,,,,,,,,,,,,,,,,,,,,,,,,,,,,,,,,,
,,,,,,,,,,,,,,,,,,,,,,,,,,,,,,,,,,,,,,,,,,,,,,,,,,,
,,,,,,,,,,,,,,,,,,,,,,,,,,,,,,,,,,,,,,,,,,,,,,,,,,,
,,,,,,,,,,,,,,,,,,,,,,,,,,,,,,,,,,,,,,,,,,,,,,,,,,,
,,,,,,,,,,,,,,,,,,,,,,,,,,,,,,,,,,,,,,,,,,,,,,,,,,,
,,,,,,,,,,,,,,,,,,,,,,,,,,,,,,,,,,,,,,,,,,,,,,,,,,,
,,,,,,,,,,,,,,,,,,,,,,,,,,,,,,,,,,,,,,,,,,,,,,,,,,,
,,,,,,,,,,,,,,,,,,,,,,,,,,,,,,,,,,,,,,,,,,,,,,,,,,,
,,,,,,,,,,,,,,,,,,,,,,,,,,,,,,,,,,,,,,,,,,,,,,,,,,,
,,,,,,,,,,,,,,,,,,,,,,,,,,,,,,,,,,,,,,,,,,,,,,,,,,,
,,,,,,,,,,,,,,,,,,,,,,,,,,,,,,,,,,,,,,,,,,,,,,,,,,,
,,,,,,,,,,,,,,,,,,,,,,,,,,,,,,,,,,,,,,,,,,,,,,,,,,,
,,,,,,,,,,,,,,,,,,,,,,,,,,,,,,,,,,,,,,,,,,,,,,,,,,,
,,,,,,,,,,,,,,,,,,,,,,,,,,,,,,,,,,,,,,,,,,,,,,,,,,,
,,,,,,,,,,,,,,,,,,,,,,,,,,,,,,,,,,,,,,,,,,,,,,,,,,,
,,,,,,,,,,,,,,,,,,,,,,,,,,,,,,,,,,,,,,,,,,,,,,,,,,,
,,,,,,,,,,,,,,,,,,,,,,,,,,,,,,,,,,,,,,,,,,,,,,,,,,,
,,,,,,,,,,,,,,,,,,,,,,,,,,,,,,,,,,,,,,,,,,,,,,,,,,,
,,,,,,,,,,,,,,,,,,,,,,,,,,,,,,,,,,,,,,,,,,,,,,,,,,,
,,,,,,,,,,,,,,,,,,,,,,,,,,,,,,,,,,,,,,,,,,,,,,,,,,,
,,,,,,,,,,,,,,,,,,,,,,,,,,,,,,,,,,,,,,,,,,,,,,,,,,,
,,,,,,,,,,,,,,,,,,,,,,,,,,,,,,,,,,,,,,,,,,,,,,,,,,,
,,,,,,,,,,,,,,,,,,,,,,,,,,,,,,,,,,,,,,,,,,,,,,,,,,,
,,,,,,,,,,,,,,,,,,,,,,,,,,,,,,,,,,,,,,,,,,,,,,,,,,,
,,,,,,,,,,,,,,,,,,,,,,,,,,,,,,,,,,,,,,,,,,,,,,,,,,,
,,,,,,,,,,,,,,,,,,,,,,,,,,,,,,,,,,,,,,,,,,,,,,,,,,,
,,,,,,,,,,,,,,,,,,,,,,,,,,,,,,,,,,,,,,,,,,,,,,,,,,,
,,,,,,,,,,,,,,,,,,,,,,,,,,,,,,,,,,,,,,,,,,,,,,,,,,,
,,,,,,,,,,,,,,,,,,,,,,,,,,,,,,,,,,,,,,,,,,,,,,,,,,,
,,,,,,,,,,,,,,,,,,,,,,,,,,,,,,,,,,,,,,,,,,,,,,,,,,,
,,,,,,,,,,,,,,,,,,,,,,,,,,,,,,,,,,,,,,,,,,,,,,,,,,,
,,,,,,,,,,,,,,,,,,,,,,,,,,,,,,,,,,,,,,,,,,,,,,,,,,,
,,,,,,,,,,,,,,,,,,,,,,,,,,,,,,,,,,,,,,,,,,,,,,,,,,,
,,,,,,,,,,,,,,,,,,,,,,,,,,,,,,,,,,,,,,,,,,,,,,,,,,,
,,,,,,,,,,,,,,,,,,,,,,,,,,,,,,,,,,,,,,,,,,,,,,,,,,,
,,,,,,,,,,,,,,,,,,,,,,,,,,,,,,,,,,,,,,,,,,,,,,,,,,,
,,,,,,,,,,,,,,,,,,,,,,,,,,,,,,,,,,,,,,,,,,,,,,,,,,,
,,,,,,,,,,,,,,,,,,,,,,,,,,,,,,,,,,,,,,,,,,,,,,,,,,,
,,,,,,,,,,,,,,,,,,,,,,,,,,,,,,,,,,,,,,,,,,,,,,,,,,,
,,,,,,,,,,,,,,,,,,,,,,,,,,,,,,,,,,,,,,,,,,,,,,,,,,,
,,,,,,,,,,,,,,,,,,,,,,,,,,,,,,,,,,,,,,,,,,,,,,,,,,,
,,,,,,,,,,,,,,,,,,,,,,,,,,,,,,,,,,,,,,,,,,,,,,,,,,,
,,,,,,,,,,,,,,,,,,,,,,,,,,,,,,,,,,,,,,,,,,,,,,,,,,,
,,,,,,,,,,,,,,,,,,,,,,,,,,,,,,,,,,,,,,,,,,,,,,,,,,,
,,,,,,,,,,,,,,,,,,,,,,,,,,,,,,,,,,,,,,,,,,,,,,,,,,,
,,,,,,,,,,,,,,,,,,,,,,,,,,,,,,,,,,,,,,,,,,,,,,,,,,,
,,,,,,,,,,,,,,,,,,,,,,,,,,,,,,,,,,,,,,,,,,,,,,,,,,,
,,,,,,,,,,,,,,,,,,,,,,,,,,,,,,,,,,,,,,,,,,,,,,,,,,,
,,,,,,,,,,,,,,,,,,,,,,,,,,,,,,,,,,,,,,,,,,,,,,,,,,,
,,,,,,,,,,,,,,,,,,,,,,,,,,,,,,,,,,,,,,,,,,,,,,,,,,,
,,,,,,,,,,,,,,,,,,,,,,,,,,,,,,,,,,,,,,,,,,,,,,,,,,,
,,,,,,,,,,,,,,,,,,,,,,,,,,,,,,,,,,,,,,,,,,,,,,,,,,,
,,,,,,,,,,,,,,,,,,,,,,,,,,,,,,,,,,,,,,,,,,,,,,,,,,,
,,,,,,,,,,,,,,,,,,,,,,,,,,,,,,,,,,,,,,,,,,,,,,,,,,,
,,,,,,,,,,,,,,,,,,,,,,,,,,,,,,,,,,,,,,,,,,,,,,,,,,,
,,,,,,,,,,,,,,,,,,,,,,,,,,,,,,,,,,,,,,,,,,,,,,,,,,,
,,,,,,,,,,,,,,,,,,,,,,,,,,,,,,,,,,,,,,,,,,,,,,,,,,,
,,,,,,,,,,,,,,,,,,,,,,,,,,,,,,,,,,,,,,,,,,,,,,,,,,,
,,,,,,,,,,,,,,,,,,,,,,,,,,,,,,,,,,,,,,,,,,,,,,,,,,,
,,,,,,,,,,,,,,,,,,,,,,,,,,,,,,,,,,,,,,,,,,,,,,,,,,,
,,,,,,,,,,,,,,,,,,,,,,,,,,,,,,,,,,,,,,,,,,,,,,,,,,,
,,,,,,,,,,,,,,,,,,,,,,,,,,,,,,,,,,,,,,,,,,,,,,,,,,,
,,,,,,,,,,,,,,,,,,,,,,,,,,,,,,,,,,,,,,,,,,,,,,,,,,,
,,,,,,,,,,,,,,,,,,,,,,,,,,,,,,,,,,,,,,,,,,,,,,,,,,,
,,,,,,,,,,,,,,,,,,,,,,,,,,,,,,,,,,,,,,,,,,,,,,,,,,,
,,,,,,,,,,,,,,,,,,,,,,,,,,,,,,,,,,,,,,,,,,,,,,,,,,,
,,,,,,,,,,,,,,,,,,,,,,,,,,,,,,,,,,,,,,,,,,,,,,,,,,,
,,,,,,,,,,,,,,,,,,,,,,,,,,,,,,,,,,,,,,,,,,,,,,,,,,,
,,,,,,,,,,,,,,,,,,,,,,,,,,,,,,,,,,,,,,,,,,,,,,,,,,,
,,,,,,,,,,,,,,,,,,,,,,,,,,,,,,,,,,,,,,,,,,,,,,,,,,,
,,,,,,,,,,,,,,,,,,,,,,,,,,,,,,,,,,,,,,,,,,,,,,,,,,,
,,,,,,,,,,,,,,,,,,,,,,,,,,,,,,,,,,,,,,,,,,,,,,,,,,,
,,,,,,,,,,,,,,,,,,,,,,,,,,,,,,,,,,,,,,,,,,,,,,,,,,,
,,,,,,,,,,,,,,,,,,,,,,,,,,,,,,,,,,,,,,,,,,,,,,,,,,,
,,,,,,,,,,,,,,,,,,,,,,,,,,,,,,,,,,,,,,,,,,,,,,,,,,,
,,,,,,,,,,,,,,,,,,,,,,,,,,,,,,,,,,,,,,,,,,,,,,,,,,,
,,,,,,,,,,,,,,,,,,,,,,,,,,,,,,,,,,,,,,,,,,,,,,,,,,,
,,,,,,,,,,,,,,,,,,,,,,,,,,,,,,,,,,,,,,,,,,,,,,,,,,,
,,,,,,,,,,,,,,,,,,,,,,,,,,,,,,,,,,,,,,,,,,,,,,,,,,,
,,,,,,,,,,,,,,,,,,,,,,,,,,,,,,,,,,,,,,,,,,,,,,,,,,,
,,,,,,,,,,,,,,,,,,,,,,,,,,,,,,,,,,,,,,,,,,,,,,,,,,,
,,,,,,,,,,,,,,,,,,,,,,,,,,,,,,,,,,,,,,,,,,,,,,,,,,,
,,,,,,,,,,,,,,,,,,,,,,,,,,,,,,,,,,,,,,,,,,,,,,,,,,,
,,,,,,,,,,,,,,,,,,,,,,,,,,,,,,,,,,,,,,,,,,,,,,,,,,,
,,,,,,,,,,,,,,,,,,,,,,,,,,,,,,,,,,,,,,,,,,,,,,,,,,,
,,,,,,,,,,,,,,,,,,,,,,,,,,,,,,,,,,,,,,,,,,,,,,,,,,,
,,,,,,,,,,,,,,,,,,,,,,,,,,,,,,,,,,,,,,,,,,,,,,,,,,,
,,,,,,,,,,,,,,,,,,,,,,,,,,,,,,,,,,,,,,,,,,,,,,,,,,,
,,,,,,,,,,,,,,,,,,,,,,,,,,,,,,,,,,,,,,,,,,,,,,,,,,,
,,,,,,,,,,,,,,,,,,,,,,,,,,,,,,,,,,,,,,,,,,,,,,,,,,,
,,,,,,,,,,,,,,,,,,,,,,,,,,,,,,,,,,,,,,,,,,,,,,,,,,,
,,,,,,,,,,,,,,,,,,,,,,,,,,,,,,,,,,,,,,,,,,,,,,,,,,,
,,,,,,,,,,,,,,,,,,,,,,,,,,,,,,,,,,,,,,,,,,,,,,,,,,,
,,,,,,,,,,,,,,,,,,,,,,,,,,,,,,,,,,,,,,,,,,,,,,,,,,,
,,,,,,,,,,,,,,,,,,,,,,,,,,,,,,,,,,,,,,,,,,,,,,,,,,,
,,,,,,,,,,,,,,,,,,,,,,,,,,,,,,,,,,,,,,,,,,,,,,,,,,,
,,,,,,,,,,,,,,,,,,,,,,,,,,,,,,,,,,,,,,,,,,,,,,,,,,,
,,,,,,,,,,,,,,,,,,,,,,,,,,,,,,,,,,,,,,,,,,,,,,,,,,,
,,,,,,,,,,,,,,,,,,,,,,,,,,,,,,,,,,,,,,,,,,,,,,,,,,,
,,,,,,,,,,,,,,,,,,,,,,,,,,,,,,,,,,,,,,,,,,,,,,,,,,,
,,,,,,,,,,,,,,,,,,,,,,,,,,,,,,,,,,,,,,,,,,,,,,,,,,,
,,,,,,,,,,,,,,,,,,,,,,,,,,,,,,,,,,,,,,,,,,,,,,,,,,,
,,,,,,,,,,,,,,,,,,,,,,,,,,,,,,,,,,,,,,,,,,,,,,,,,,,
,,,,,,,,,,,,,,,,,,,,,,,,,,,,,,,,,,,,,,,,,,,,,,,,,,,
,,,,,,,,,,,,,,,,,,,,,,,,,,,,,,,,,,,,,,,,,,,,,,,,,,,
,,,,,,,,,,,,,,,,,,,,,,,,,,,,,,,,,,,,,,,,,,,,,,,,,,,
,,,,,,,,,,,,,,,,,,,,,,,,,,,,,,,,,,,,,,,,,,,,,,,,,,,
,,,,,,,,,,,,,,,,,,,,,,,,,,,,,,,,,,,,,,,,,,,,,,,,,,,
,,,,,,,,,,,,,,,,,,,,,,,,,,,,,,,,,,,,,,,,,,,,,,,,,,,
,,,,,,,,,,,,,,,,,,,,,,,,,,,,,,,,,,,,,,,,,,,,,,,,,,,
,,,,,,,,,,,,,,,,,,,,,,,,,,,,,,,,,,,,,,,,,,,,,,,,,,,
,,,,,,,,,,,,,,,,,,,,,,,,,,,,,,,,,,,,,,,,,,,,,,,,,,,
,,,,,,,,,,,,,,,,,,,,,,,,,,,,,,,,,,,,,,,,,,,,,,,,,,,
,,,,,,,,,,,,,,,,,,,,,,,,,,,,,,,,,,,,,,,,,,,,,,,,,,,
,,,,,,,,,,,,,,,,,,,,,,,,,,,,,,,,,,,,,,,,,,,,,,,,,,,
,,,,,,,,,,,,,,,,,,,,,,,,,,,,,,,,,,,,,,,,,,,,,,,,,,,
,,,,,,,,,,,,,,,,,,,,,,,,,,,,,,,,,,,,,,,,,,,,,,,,,,,
,,,,,,,,,,,,,,,,,,,,,,,,,,,,,,,,,,,,,,,,,,,,,,,,,,,
,,,,,,,,,,,,,,,,,,,,,,,,,,,,,,,,,,,,,,,,,,,,,,,,,,,
,,,,,,,,,,,,,,,,,,,,,,,,,,,,,,,,,,,,,,,,,,,,,,,,,,,
,,,,,,,,,,,,,,,,,,,,,,,,,,,,,,,,,,,,,,,,,,,,,,,,,,,
,,,,,,,,,,,,,,,,,,,,,,,,,,,,,,,,,,,,,,,,,,,,,,,,,,,
,,,,,,,,,,,,,,,,,,,,,,,,,,,,,,,,,,,,,,,,,,,,,,,,,,,
,,,,,,,,,,,,,,,,,,,,,,,,,,,,,,,,,,,,,,,,,,,,,,,,,,,
,,,,,,,,,,,,,,,,,,,,,,,,,,,,,,,,,,,,,,,,,,,,,,,,,,,
,,,,,,,,,,,,,,,,,,,,,,,,,,,,,,,,,,,,,,,,,,,,,,,,,,,
,,,,,,,,,,,,,,,,,,,,,,,,,,,,,,,,,,,,,,,,,,,,,,,,,,,
,,,,,,,,,,,,,,,,,,,,,,,,,,,,,,,,,,,,,,,,,,,,,,,,,,,
,,,,,,,,,,,,,,,,,,,,,,,,,,,,,,,,,,,,,,,,,,,,,,,,,,,
,,,,,,,,,,,,,,,,,,,,,,,,,,,,,,,,,,,,,,,,,,,,,,,,,,,
,,,,,,,,,,,,,,,,,,,,,,,,,,,,,,,,,,,,,,,,,,,,,,,,,,,
,,,,,,,,,,,,,,,,,,,,,,,,,,,,,,,,,,,,,,,,,,,,,,,,,,,
,,,,,,,,,,,,,,,,,,,,,,,,,,,,,,,,,,,,,,,,,,,,,,,,,,,
,,,,,,,,,,,,,,,,,,,,,,,,,,,,,,,,,,,,,,,,,,,,,,,,,,,
,,,,,,,,,,,,,,,,,,,,,,,,,,,,,,,,,,,,,,,,,,,,,,,,,,,
,,,,,,,,,,,,,,,,,,,,,,,,,,,,,,,,,,,,,,,,,,,,,,,,,,,
,,,,,,,,,,,,,,,,,,,,,,,,,,,,,,,,,,,,,,,,,,,,,,,,,,,
,,,,,,,,,,,,,,,,,,,,,,,,,,,,,,,,,,,,,,,,,,,,,,,,,,,
,,,,,,,,,,,,,,,,,,,,,,,,,,,,,,,,,,,,,,,,,,,,,,,,,,,
,,,,,,,,,,,,,,,,,,,,,,,,,,,,,,,,,,,,,,,,,,,,,,,,,,,
,,,,,,,,,,,,,,,,,,,,,,,,,,,,,,,,,,,,,,,,,,,,,,,,,,,
,,,,,,,,,,,,,,,,,,,,,,,,,,,,,,,,,,,,,,,,,,,,,,,,,,,
,,,,,,,,,,,,,,,,,,,,,,,,,,,,,,,,,,,,,,,,,,,,,,,,,,,
,,,,,,,,,,,,,,,,,,,,,,,,,,,,,,,,,,,,,,,,,,,,,,,,,,,
,,,,,,,,,,,,,,,,,,,,,,,,,,,,,,,,,,,,,,,,,,,,,,,,,,,
,,,,,,,,,,,,,,,,,,,,,,,,,,,,,,,,,,,,,,,,,,,,,,,,,,,
,,,,,,,,,,,,,,,,,,,,,,,,,,,,,,,,,,,,,,,,,,,,,,,,,,,
,,,,,,,,,,,,,,,,,,,,,,,,,,,,,,,,,,,,,,,,,,,,,,,,,,,
,,,,,,,,,,,,,,,,,,,,,,,,,,,,,,,,,,,,,,,,,,,,,,,,,,,
,,,,,,,,,,,,,,,,,,,,,,,,,,,,,,,,,,,,,,,,,,,,,,,,,,,
,,,,,,,,,,,,,,,,,,,,,,,,,,,,,,,,,,,,,,,,,,,,,,,,,,,
,,,,,,,,,,,,,,,,,,,,,,,,,,,,,,,,,,,,,,,,,,,,,,,,,,,
,,,,,,,,,,,,,,,,,,,,,,,,,,,,,,,,,,,,,,,,,,,,,,,,,,,
,,,,,,,,,,,,,,,,,,,,,,,,,,,,,,,,,,,,,,,,,,,,,,,,,,,
,,,,,,,,,,,,,,,,,,,,,,,,,,,,,,,,,,,,,,,,,,,,,,,,,,,
,,,,,,,,,,,,,,,,,,,,,,,,,,,,,,,,,,,,,,,,,,,,,,,,,,,
,,,,,,,,,,,,,,,,,,,,,,,,,,,,,,,,,,,,,,,,,,,,,,,,,,,
,,,,,,,,,,,,,,,,,,,,,,,,,,,,,,,,,,,,,,,,,,,,,,,,,,,
,,,,,,,,,,,,,,,,,,,,,,,,,,,,,,,,,,,,,,,,,,,,,,,,,,,
,,,,,,,,,,,,,,,,,,,,,,,,,,,,,,,,,,,,,,,,,,,,,,,,,,,
,,,,,,,,,,,,,,,,,,,,,,,,,,,,,,,,,,,,,,,,,,,,,,,,,,,
,,,,,,,,,,,,,,,,,,,,,,,,,,,,,,,,,,,,,,,,,,,,,,,,,,,
,,,,,,,,,,,,,,,,,,,,,,,,,,,,,,,,,,,,,,,,,,,,,,,,,,,
,,,,,,,,,,,,,,,,,,,,,,,,,,,,,,,,,,,,,,,,,,,,,,,,,,,
,,,,,,,,,,,,,,,,,,,,,,,,,,,,,,,,,,,,,,,,,,,,,,,,,,,
,,,,,,,,,,,,,,,,,,,,,,,,,,,,,,,,,,,,,,,,,,,,,,,,,,,
,,,,,,,,,,,,,,,,,,,,,,,,,,,,,,,,,,,,,,,,,,,,,,,,,,,
,,,,,,,,,,,,,,,,,,,,,,,,,,,,,,,,,,,,,,,,,,,,,,,,,,,
,,,,,,,,,,,,,,,,,,,,,,,,,,,,,,,,,,,,,,,,,,,,,,,,,,,
,,,,,,,,,,,,,,,,,,,,,,,,,,,,,,,,,,,,,,,,,,,,,,,,,,,
,,,,,,,,,,,,,,,,,,,,,,,,,,,,,,,,,,,,,,,,,,,,,,,,,,,
,,,,,,,,,,,,,,,,,,,,,,,,,,,,,,,,,,,,,,,,,,,,,,,,,,,
,,,,,,,,,,,,,,,,,,,,,,,,,,,,,,,,,,,,,,,,,,,,,,,,,,,
,,,,,,,,,,,,,,,,,,,,,,,,,,,,,,,,,,,,,,,,,,,,,,,,,,,
,,,,,,,,,,,,,,,,,,,,,,,,,,,,,,,,,,,,,,,,,,,,,,,,,,,
,,,,,,,,,,,,,,,,,,,,,,,,,,,,,,,,,,,,,,,,,,,,,,,,,,,
,,,,,,,,,,,,,,,,,,,,,,,,,,,,,,,,,,,,,,,,,,,,,,,,,,,
,,,,,,,,,,,,,,,,,,,,,,,,,,,,,,,,,,,,,,,,,,,,,,,,,,,
,,,,,,,,,,,,,,,,,,,,,,,,,,,,,,,,,,,,,,,,,,,,,,,,,,,
,,,,,,,,,,,,,,,,,,,,,,,,,,,,,,,,,,,,,,,,,,,,,,,,,,,
,,,,,,,,,,,,,,,,,,,,,,,,,,,,,,,,,,,,,,,,,,,,,,,,,,,
,,,,,,,,,,,,,,,,,,,,,,,,,,,,,,,,,,,,,,,,,,,,,,,,,,,
,,,,,,,,,,,,,,,,,,,,,,,,,,,,,,,,,,,,,,,,,,,,,,,,,,,
,,,,,,,,,,,,,,,,,,,,,,,,,,,,,,,,,,,,,,,,,,,,,,,,,,,
,,,,,,,,,,,,,,,,,,,,,,,,,,,,,,,,,,,,,,,,,,,,,,,,,,,
,,,,,,,,,,,,,,,,,,,,,,,,,,,,,,,,,,,,,,,,,,,,,,,,,,,
,,,,,,,,,,,,,,,,,,,,,,,,,,,,,,,,,,,,,,,,,,,,,,,,,,,
,,,,,,,,,,,,,,,,,,,,,,,,,,,,,,,,,,,,,,,,,,,,,,,,,,,
,,,,,,,,,,,,,,,,,,,,,,,,,,,,,,,,,,,,,,,,,,,,,,,,,,,
,,,,,,,,,,,,,,,,,,,,,,,,,,,,,,,,,,,,,,,,,,,,,,,,,,,
,,,,,,,,,,,,,,,,,,,,,,,,,,,,,,,,,,,,,,,,,,,,,,,,,,,
,,,,,,,,,,,,,,,,,,,,,,,,,,,,,,,,,,,,,,,,,,,,,,,,,,,
,,,,,,,,,,,,,,,,,,,,,,,,,,,,,,,,,,,,,,,,,,,,,,,,,,,
,,,,,,,,,,,,,,,,,,,,,,,,,,,,,,,,,,,,,,,,,,,,,,,,,,,
,,,,,,,,,,,,,,,,,,,,,,,,,,,,,,,,,,,,,,,,,,,,,,,,,,,
,,,,,,,,,,,,,,,,,,,,,,,,,,,,,,,,,,,,,,,,,,,,,,,,,,,
,,,,,,,,,,,,,,,,,,,,,,,,,,,,,,,,,,,,,,,,,,,,,,,,,,,
,,,,,,,,,,,,,,,,,,,,,,,,,,,,,,,,,,,,,,,,,,,,,,,,,,,
,,,,,,,,,,,,,,,,,,,,,,,,,,,,,,,,,,,,,,,,,,,,,,,,,,,
,,,,,,,,,,,,,,,,,,,,,,,,,,,,,,,,,,,,,,,,,,,,,,,,,,,
,,,,,,,,,,,,,,,,,,,,,,,,,,,,,,,,,,,,,,,,,,,,,,,,,,,
,,,,,,,,,,,,,,,,,,,,,,,,,,,,,,,,,,,,,,,,,,,,,,,,,,,
,,,,,,,,,,,,,,,,,,,,,,,,,,,,,,,,,,,,,,,,,,,,,,,,,,,
,,,,,,,,,,,,,,,,,,,,,,,,,,,,,,,,,,,,,,,,,,,,,,,,,,,
,,,,,,,,,,,,,,,,,,,,,,,,,,,,,,,,,,,,,,,,,,,,,,,,,,,
,,,,,,,,,,,,,,,,,,,,,,,,,,,,,,,,,,,,,,,,,,,,,,,,,,,
,,,,,,,,,,,,,,,,,,,,,,,,,,,,,,,,,,,,,,,,,,,,,,,,,,,
,,,,,,,,,,,,,,,,,,,,,,,,,,,,,,,,,,,,,,,,,,,,,,,,,,,
,,,,,,,,,,,,,,,,,,,,,,,,,,,,,,,,,,,,,,,,,,,,,,,,,,,
,,,,,,,,,,,,,,,,,,,,,,,,,,,,,,,,,,,,,,,,,,,,,,,,,,,
,,,,,,,,,,,,,,,,,,,,,,,,,,,,,,,,,,,,,,,,,,,,,,,,,,,
,,,,,,,,,,,,,,,,,,,,,,,,,,,,,,,,,,,,,,,,,,,,,,,,,,,
,,,,,,,,,,,,,,,,,,,,,,,,,,,,,,,,,,,,,,,,,,,,,,,,,,,
,,,,,,,,,,,,,,,,,,,,,,,,,,,,,,,,,,,,,,,,,,,,,,,,,,,
,,,,,,,,,,,,,,,,,,,,,,,,,,,,,,,,,,,,,,,,,,,,,,,,,,,
,,,,,,,,,,,,,,,,,,,,,,,,,,,,,,,,,,,,,,,,,,,,,,,,,,,
,,,,,,,,,,,,,,,,,,,,,,,,,,,,,,,,,,,,,,,,,,,,,,,,,,,
,,,,,,,,,,,,,,,,,,,,,,,,,,,,,,,,,,,,,,,,,,,,,,,,,,,
,,,,,,,,,,,,,,,,,,,,,,,,,,,,,,,,,,,,,,,,,,,,,,,,,,,
,,,,,,,,,,,,,,,,,,,,,,,,,,,,,,,,,,,,,,,,,,,,,,,,,,,
,,,,,,,,,,,,,,,,,,,,,,,,,,,,,,,,,,,,,,,,,,,,,,,,,,,
,,,,,,,,,,,,,,,,,,,,,,,,,,,,,,,,,,,,,,,,,,,,,,,,,,,
,,,,,,,,,,,,,,,,,,,,,,,,,,,,,,,,,,,,,,,,,,,,,,,,,,,
,,,,,,,,,,,,,,,,,,,,,,,,,,,,,,,,,,,,,,,,,,,,,,,,,,,
,,,,,,,,,,,,,,,,,,,,,,,,,,,,,,,,,,,,,,,,,,,,,,,,,,,
,,,,,,,,,,,,,,,,,,,,,,,,,,,,,,,,,,,,,,,,,,,,,,,,,,,
,,,,,,,,,,,,,,,,,,,,,,,,,,,,,,,,,,,,,,,,,,,,,,,,,,,
,,,,,,,,,,,,,,,,,,,,,,,,,,,,,,,,,,,,,,,,,,,,,,,,,,,
,,,,,,,,,,,,,,,,,,,,,,,,,,,,,,,,,,,,,,,,,,,,,,,,,,,
,,,,,,,,,,,,,,,,,,,,,,,,,,,,,,,,,,,,,,,,,,,,,,,,,,,
,,,,,,,,,,,,,,,,,,,,,,,,,,,,,,,,,,,,,,,,,,,,,,,,,,,
,,,,,,,,,,,,,,,,,,,,,,,,,,,,,,,,,,,,,,,,,,,,,,,,,,,
,,,,,,,,,,,,,,,,,,,,,,,,,,,,,,,,,,,,,,,,,,,,,,,,,,,
,,,,,,,,,,,,,,,,,,,,,,,,,,,,,,,,,,,,,,,,,,,,,,,,,,,
,,,,,,,,,,,,,,,,,,,,,,,,,,,,,,,,,,,,,,,,,,,,,,,,,,,
,,,,,,,,,,,,,,,,,,,,,,,,,,,,,,,,,,,,,,,,,,,,,,,,,,,
,,,,,,,,,,,,,,,,,,,,,,,,,,,,,,,,,,,,,,,,,,,,,,,,,,,
,,,,,,,,,,,,,,,,,,,,,,,,,,,,,,,,,,,,,,,,,,,,,,,,,,,
,,,,,,,,,,,,,,,,,,,,,,,,,,,,,,,,,,,,,,,,,,,,,,,,,,,
,,,,,,,,,,,,,,,,,,,,,,,,,,,,,,,,,,,,,,,,,,,,,,,,,,,
,,,,,,,,,,,,,,,,,,,,,,,,,,,,,,,,,,,,,,,,,,,,,,,,,,,
,,,,,,,,,,,,,,,,,,,,,,,,,,,,,,,,,,,,,,,,,,,,,,,,,,,
,,,,,,,,,,,,,,,,,,,,,,,,,,,,,,,,,,,,,,,,,,,,,,,,,,,
,,,,,,,,,,,,,,,,,,,,,,,,,,,,,,,,,,,,,,,,,,,,,,,,,,,
,,,,,,,,,,,,,,,,,,,,,,,,,,,,,,,,,,,,,,,,,,,,,,,,,,,
,,,,,,,,,,,,,,,,,,,,,,,,,,,,,,,,,,,,,,,,,,,,,,,,,,,
,,,,,,,,,,,,,,,,,,,,,,,,,,,,,,,,,,,,,,,,,,,,,,,,,,,
,,,,,,,,,,,,,,,,,,,,,,,,,,,,,,,,,,,,,,,,,,,,,,,,,,,
,,,,,,,,,,,,,,,,,,,,,,,,,,,,,,,,,,,,,,,,,,,,,,,,,,,
,,,,,,,,,,,,,,,,,,,,,,,,,,,,,,,,,,,,,,,,,,,,,,,,,,,
,,,,,,,,,,,,,,,,,,,,,,,,,,,,,,,,,,,,,,,,,,,,,,,,,,,
,,,,,,,,,,,,,,,,,,,,,,,,,,,,,,,,,,,,,,,,,,,,,,,,,,,
,,,,,,,,,,,,,,,,,,,,,,,,,,,,,,,,,,,,,,,,,,,,,,,,,,,
,,,,,,,,,,,,,,,,,,,,,,,,,,,,,,,,,,,,,,,,,,,,,,,,,,,
,,,,,,,,,,,,,,,,,,,,,,,,,,,,,,,,,,,,,,,,,,,,,,,,,,,
,,,,,,,,,,,,,,,,,,,,,,,,,,,,,,,,,,,,,,,,,,,,,,,,,,,
,,,,,,,,,,,,,,,,,,,,,,,,,,,,,,,,,,,,,,,,,,,,,,,,,,,
,,,,,,,,,,,,,,,,,,,,,,,,,,,,,,,,,,,,,,,,,,,,,,,,,,,
,,,,,,,,,,,,,,,,,,,,,,,,,,,,,,,,,,,,,,,,,,,,,,,,,,,
,,,,,,,,,,,,,,,,,,,,,,,,,,,,,,,,,,,,,,,,,,,,,,,,,,,
,,,,,,,,,,,,,,,,,,,,,,,,,,,,,,,,,,,,,,,,,,,,,,,,,,,
,,,,,,,,,,,,,,,,,,,,,,,,,,,,,,,,,,,,,,,,,,,,,,,,,,,
,,,,,,,,,,,,,,,,,,,,,,,,,,,,,,,,,,,,,,,,,,,,,,,,,,,
,,,,,,,,,,,,,,,,,,,,,,,,,,,,,,,,,,,,,,,,,,,,,,,,,,,
,,,,,,,,,,,,,,,,,,,,,,,,,,,,,,,,,,,,,,,,,,,,,,,,,,,
,,,,,,,,,,,,,,,,,,,,,,,,,,,,,,,,,,,,,,,,,,,,,,,,,,,
,,,,,,,,,,,,,,,,,,,,,,,,,,,,,,,,,,,,,,,,,,,,,,,,,,,
,,,,,,,,,,,,,,,,,,,,,,,,,,,,,,,,,,,,,,,,,,,,,,,,,,,
,,,,,,,,,,,,,,,,,,,,,,,,,,,,,,,,,,,,,,,,,,,,,,,,,,,
,,,,,,,,,,,,,,,,,,,,,,,,,,,,,,,,,,,,,,,,,,,,,,,,,,,
,,,,,,,,,,,,,,,,,,,,,,,,,,,,,,,,,,,,,,,,,,,,,,,,,,,
,,,,,,,,,,,,,,,,,,,,,,,,,,,,,,,,,,,,,,,,,,,,,,,,,,,
,,,,,,,,,,,,,,,,,,,,,,,,,,,,,,,,,,,,,,,,,,,,,,,,,,,
,,,,,,,,,,,,,,,,,,,,,,,,,,,,,,,,,,,,,,,,,,,,,,,,,,,
,,,,,,,,,,,,,,,,,,,,,,,,,,,,,,,,,,,,,,,,,,,,,,,,,,,
,,,,,,,,,,,,,,,,,,,,,,,,,,,,,,,,,,,,,,,,,,,,,,,,,,,
,,,,,,,,,,,,,,,,,,,,,,,,,,,,,,,,,,,,,,,,,,,,,,,,,,,
,,,,,,,,,,,,,,,,,,,,,,,,,,,,,,,,,,,,,,,,,,,,,,,,,,,
,,,,,,,,,,,,,,,,,,,,,,,,,,,,,,,,,,,,,,,,,,,,,,,,,,,
,,,,,,,,,,,,,,,,,,,,,,,,,,,,,,,,,,,,,,,,,,,,,,,,,,,
,,,,,,,,,,,,,,,,,,,,,,,,,,,,,,,,,,,,,,,,,,,,,,,,,,,
,,,,,,,,,,,,,,,,,,,,,,,,,,,,,,,,,,,,,,,,,,,,,,,,,,,
,,,,,,,,,,,,,,,,,,,,,,,,,,,,,,,,,,,,,,,,,,,,,,,,,,,
,,,,,,,,,,,,,,,,,,,,,,,,,,,,,,,,,,,,,,,,,,,,,,,,,,,
,,,,,,,,,,,,,,,,,,,,,,,,,,,,,,,,,,,,,,,,,,,,,,,,,,,
,,,,,,,,,,,,,,,,,,,,,,,,,,,,,,,,,,,,,,,,,,,,,,,,,,,
,,,,,,,,,,,,,,,,,,,,,,,,,,,,,,,,,,,,,,,,,,,,,,,,,,,
,,,,,,,,,,,,,,,,,,,,,,,,,,,,,,,,,,,,,,,,,,,,,,,,,,,
,,,,,,,,,,,,,,,,,,,,,,,,,,,,,,,,,,,,,,,,,,,,,,,,,,,
,,,,,,,,,,,,,,,,,,,,,,,,,,,,,,,,,,,,,,,,,,,,,,,,,,,
,,,,,,,,,,,,,,,,,,,,,,,,,,,,,,,,,,,,,,,,,,,,,,,,,,,
,,,,,,,,,,,,,,,,,,,,,,,,,,,,,,,,,,,,,,,,,,,,,,,,,,,
,,,,,,,,,,,,,,,,,,,,,,,,,,,,,,,,,,,,,,,,,,,,,,,,,,,
,,,,,,,,,,,,,,,,,,,,,,,,,,,,,,,,,,,,,,,,,,,,,,,,,,,
,,,,,,,,,,,,,,,,,,,,,,,,,,,,,,,,,,,,,,,,,,,,,,,,,,,
,,,,,,,,,,,,,,,,,,,,,,,,,,,,,,,,,,,,,,,,,,,,,,,,,,,
,,,,,,,,,,,,,,,,,,,,,,,,,,,,,,,,,,,,,,,,,,,,,,,,,,,
,,,,,,,,,,,,,,,,,,,,,,,,,,,,,,,,,,,,,,,,,,,,,,,,,,,
,,,,,,,,,,,,,,,,,,,,,,,,,,,,,,,,,,,,,,,,,,,,,,,,,,,
,,,,,,,,,,,,,,,,,,,,,,,,,,,,,,,,,,,,,,,,,,,,,,,,,,,
,,,,,,,,,,,,,,,,,,,,,,,,,,,,,,,,,,,,,,,,,,,,,,,,,,,
,,,,,,,,,,,,,,,,,,,,,,,,,,,,,,,,,,,,,,,,,,,,,,,,,,,
,,,,,,,,,,,,,,,,,,,,,,,,,,,,,,,,,,,,,,,,,,,,,,,,,,,
,,,,,,,,,,,,,,,,,,,,,,,,,,,,,,,,,,,,,,,,,,,,,,,,,,,
,,,,,,,,,,,,,,,,,,,,,,,,,,,,,,,,,,,,,,,,,,,,,,,,,,,
,,,,,,,,,,,,,,,,,,,,,,,,,,,,,,,,,,,,,,,,,,,,,,,,,,,
,,,,,,,,,,,,,,,,,,,,,,,,,,,,,,,,,,,,,,,,,,,,,,,,,,,
,,,,,,,,,,,,,,,,,,,,,,,,,,,,,,,,,,,,,,,,,,,,,,,,,,,
,,,,,,,,,,,,,,,,,,,,,,,,,,,,,,,,,,,,,,,,,,,,,,,,,,,
,,,,,,,,,,,,,,,,,,,,,,,,,,,,,,,,,,,,,,,,,,,,,,,,,,,
,,,,,,,,,,,,,,,,,,,,,,,,,,,,,,,,,,,,,,,,,,,,,,,,,,,
,,,,,,,,,,,,,,,,,,,,,,,,,,,,,,,,,,,,,,,,,,,,,,,,,,,
,,,,,,,,,,,,,,,,,,,,,,,,,,,,,,,,,,,,,,,,,,,,,,,,,,,
,,,,,,,,,,,,,,,,,,,,,,,,,,,,,,,,,,,,,,,,,,,,,,,,,,,
,,,,,,,,,,,,,,,,,,,,,,,,,,,,,,,,,,,,,,,,,,,,,,,,,,,
,,,,,,,,,,,,,,,,,,,,,,,,,,,,,,,,,,,,,,,,,,,,,,,,,,,
,,,,,,,,,,,,,,,,,,,,,,,,,,,,,,,,,,,,,,,,,,,,,,,,,,,
,,,,,,,,,,,,,,,,,,,,,,,,,,,,,,,,,,,,,,,,,,,,,,,,,,,
,,,,,,,,,,,,,,,,,,,,,,,,,,,,,,,,,,,,,,,,,,,,,,,,,,,
,,,,,,,,,,,,,,,,,,,,,,,,,,,,,,,,,,,,,,,,,,,,,,,,,,,
,,,,,,,,,,,,,,,,,,,,,,,,,,,,,,,,,,,,,,,,,,,,,,,,,,,
,,,,,,,,,,,,,,,,,,,,,,,,,,,,,,,,,,,,,,,,,,,,,,,,,,,
,,,,,,,,,,,,,,,,,,,,,,,,,,,,,,,,,,,,,,,,,,,,,,,,,,,
,,,,,,,,,,,,,,,,,,,,,,,,,,,,,,,,,,,,,,,,,,,,,,,,,,,
,,,,,,,,,,,,,,,,,,,,,,,,,,,,,,,,,,,,,,,,,,,,,,,,,,,
,,,,,,,,,,,,,,,,,,,,,,,,,,,,,,,,,,,,,,,,,,,,,,,,,,,
,,,,,,,,,,,,,,,,,,,,,,,,,,,,,,,,,,,,,,,,,,,,,,,,,,,
,,,,,,,,,,,,,,,,,,,,,,,,,,,,,,,,,,,,,,,,,,,,,,,,,,,
,,,,,,,,,,,,,,,,,,,,,,,,,,,,,,,,,,,,,,,,,,,,,,,,,,,
,,,,,,,,,,,,,,,,,,,,,,,,,,,,,,,,,,,,,,,,,,,,,,,,,,,
,,,,,,,,,,,,,,,,,,,,,,,,,,,,,,,,,,,,,,,,,,,,,,,,,,,
,,,,,,,,,,,,,,,,,,,,,,,,,,,,,,,,,,,,,,,,,,,,,,,,,,,
,,,,,,,,,,,,,,,,,,,,,,,,,,,,,,,,,,,,,,,,,,,,,,,,,,,
,,,,,,,,,,,,,,,,,,,,,,,,,,,,,,,,,,,,,,,,,,,,,,,,,,,
,,,,,,,,,,,,,,,,,,,,,,,,,,,,,,,,,,,,,,,,,,,,,,,,,,,
,,,,,,,,,,,,,,,,,,,,,,,,,,,,,,,,,,,,,,,,,,,,,,,,,,,
,,,,,,,,,,,,,,,,,,,,,,,,,,,,,,,,,,,,,,,,,,,,,,,,,,,
,,,,,,,,,,,,,,,,,,,,,,,,,,,,,,,,,,,,,,,,,,,,,,,,,,,
,,,,,,,,,,,,,,,,,,,,,,,,,,,,,,,,,,,,,,,,,,,,,,,,,,,
,,,,,,,,,,,,,,,,,,,,,,,,,,,,,,,,,,,,,,,,,,,,,,,,,,,
,,,,,,,,,,,,,,,,,,,,,,,,,,,,,,,,,,,,,,,,,,,,,,,,,,,
,,,,,,,,,,,,,,,,,,,,,,,,,,,,,,,,,,,,,,,,,,,,,,,,,,,
,,,,,,,,,,,,,,,,,,,,,,,,,,,,,,,,,,,,,,,,,,,,,,,,,,,
,,,,,,,,,,,,,,,,,,,,,,,,,,,,,,,,,,,,,,,,,,,,,,,,,,,
,,,,,,,,,,,,,,,,,,,,,,,,,,,,,,,,,,,,,,,,,,,,,,,,,,,
,,,,,,,,,,,,,,,,,,,,,,,,,,,,,,,,,,,,,,,,,,,,,,,,,,,
,,,,,,,,,,,,,,,,,,,,,,,,,,,,,,,,,,,,,,,,,,,,,,,,,,,
,,,,,,,,,,,,,,,,,,,,,,,,,,,,,,,,,,,,,,,,,,,,,,,,,,,
,,,,,,,,,,,,,,,,,,,,,,,,,,,,,,,,,,,,,,,,,,,,,,,,,,,
,,,,,,,,,,,,,,,,,,,,,,,,,,,,,,,,,,,,,,,,,,,,,,,,,,,
